-- ----------------------------
-- Records of APP_USER
-- ----------------------------
GO
INSERT INTO [APP_USER] ([ID], [LOGIN_NAME], [NAME], [PASSWORD], [SALT], [ROLES], [STATES], [REGISTER_DATE], [AVATOR], [TENANT_ID], [TYPE], [LABEL], [PHONE], [EMAIL], [DTYPE], [IMG], [ISLOCK], [REMARK], [CREATE_PERSON], [MODIFY_PERSON], [CREATE_DATE], [MODIFY_DATE], [ORGANIZATION_ID], [ORGANIZATION_NAME], [TS], [LANGUAGE], [DR], [GROUP_ID], [GROUP_NAME], [NAME2], [NAME3], [NAME4], [NAME5], [NAME6], [STAFF_ID]) VALUES ('e264e00bbb1b4e438f501d56de654ab9', 'bpm01', 'bpm01', 'ID:e5eb33bd513afea0105863486e579ccdc2d11f20', 'f266aaf0a286cc7f', 'user', '1', '2018-12-11 14:41:26.617', 'images/dot.png', 'tenant', NULL, NULL, '18777777777', 'bpm@qq.com', NULL, NULL, 'false', NULL, '系统管理员', '系统管理员', '2018-12-11 14:41:26.617', '2018-12-13 15:09:53.160', '', '', '2018-12-13 15:09:53.166', NULL, '0', NULL, NULL, 'bpm01', 'bpm01', NULL, NULL, NULL, '0dc47840-873a-4ed3-8ae7-c2335a76b385');
INSERT INTO [APP_USER] ([ID], [LOGIN_NAME], [NAME], [PASSWORD], [SALT], [ROLES], [STATES], [REGISTER_DATE], [AVATOR], [TENANT_ID], [TYPE], [LABEL], [PHONE], [EMAIL], [DTYPE], [IMG], [ISLOCK], [REMARK], [CREATE_PERSON], [MODIFY_PERSON], [CREATE_DATE], [MODIFY_DATE], [ORGANIZATION_ID], [ORGANIZATION_NAME], [TS], [LANGUAGE], [DR], [GROUP_ID], [GROUP_NAME], [NAME2], [NAME3], [NAME4], [NAME5], [NAME6], [STAFF_ID]) VALUES ('5dedbb033afd43cc993685301bf969c4', 'bpm02', 'bpm02', 'ID:28f618b48c1205f6c375355630ba6a936d03de2e', '3231d8ee3612afea', 'user', '1', '2018-12-11 14:42:14.477', 'images/dot.png', 'tenant', NULL, NULL, '18788888888', 'bpm02@qq.com', NULL, NULL, 'false', NULL, '系统管理员', '系统管理员', '2018-12-11 14:42:14.477', '2018-12-13 15:10:02.293', '', '', '2018-12-13 15:10:02.294', NULL, '0', NULL, NULL, 'bpm02', 'bpm02', NULL, NULL, NULL, 'c97b59e2-9fa3-44d7-93b0-1be52f7aa550');
INSERT INTO [APP_USER] ([ID], [LOGIN_NAME], [NAME], [PASSWORD], [SALT], [ROLES], [STATES], [REGISTER_DATE], [AVATOR], [TENANT_ID], [TYPE], [LABEL], [PHONE], [EMAIL], [DTYPE], [IMG], [ISLOCK], [REMARK], [CREATE_PERSON], [MODIFY_PERSON], [CREATE_DATE], [MODIFY_DATE], [ORGANIZATION_ID], [ORGANIZATION_NAME], [TS], [LANGUAGE], [DR], [GROUP_ID], [GROUP_NAME], [NAME2], [NAME3], [NAME4], [NAME5], [NAME6], [STAFF_ID]) VALUES ('81a0aec25eaf43139637763f83170ec8', 'bpm03', 'bpm03', 'ID:56b5763e9562b88ea5df7f007a636557d0e1d0e5', 'ee5fd9705749c926', 'user', '1', '2018-12-11 14:42:36.330', 'images/dot.png', 'tenant', NULL, NULL, '18799999999', 'bpm03@qq.com', NULL, NULL, 'false', NULL, '系统管理员', '系统管理员', '2018-12-11 14:42:36.330', '2018-12-13 15:10:10.810', '', '', '2018-12-13 15:10:10.811', NULL, '0', NULL, NULL, 'bpm03', 'bpm03', NULL, NULL, NULL, 'e8a7cd43-5ac7-462b-87cc-bb1b3a195504');
INSERT INTO [APP_USER] ([ID], [LOGIN_NAME], [NAME], [PASSWORD], [SALT], [ROLES], [STATES], [REGISTER_DATE], [AVATOR], [TENANT_ID], [TYPE], [LABEL], [PHONE], [EMAIL], [DTYPE], [IMG], [ISLOCK], [REMARK], [CREATE_PERSON], [MODIFY_PERSON], [CREATE_DATE], [MODIFY_DATE], [ORGANIZATION_ID], [ORGANIZATION_NAME], [TS], [LANGUAGE], [DR], [GROUP_ID], [GROUP_NAME], [NAME2], [NAME3], [NAME4], [NAME5], [NAME6]) VALUES ('83e9d17fd7194f76979cb48572f8bf7e', 'user01', 'user01', 'ID:75ef8b31ea2c44592deed286d7ca81575041e2d7', 'd635d489584debdd', 'user', '1', '2018-12-11 13:43:21.773', 'images/dot.png', 'tenant', NULL, NULL, '15690909090', 'user@qq.com', NULL, NULL, 'false', NULL, '系统管理员', '系统管理员', '2018-12-11 13:43:21.773', '2018-12-13 15:10:19.400', '', '', '2018-12-13 15:10:19.041', NULL, '0', NULL, NULL, 'user01', 'user01', NULL, NULL, NULL);
INSERT INTO [APP_USER] ([ID], [LOGIN_NAME], [NAME], [PASSWORD], [SALT], [ROLES], [STATES], [REGISTER_DATE], [AVATOR], [TENANT_ID], [TYPE], [LABEL], [PHONE], [EMAIL], [DTYPE], [IMG], [ISLOCK], [REMARK], [CREATE_PERSON], [MODIFY_PERSON], [CREATE_DATE], [MODIFY_DATE], [ORGANIZATION_ID], [ORGANIZATION_NAME], [TS], [LANGUAGE], [DR], [GROUP_ID], [GROUP_NAME], [NAME2], [NAME3], [NAME4], [NAME5], [NAME6]) VALUES ('fc33390a46d547d8b63df2710ad8a1cb', 'user02', 'user02', 'ID:2b5531e81ed51f5aa4424725c30c56b85b3705a1', '011627dc7b301cd4', 'user', '1', '2018-12-11 14:22:38.537', 'images/dot.png', 'tenant', NULL, NULL, '15687887887', '02@qq.com', NULL, NULL, 'false', NULL, '系统管理员', '系统管理员', '2018-12-11 14:22:38.537', '2018-12-13 15:10:27.870', '', '', '2018-12-13 15:10:27.087', NULL, '0', NULL, NULL, 'user02', 'user02', NULL, NULL, NULL);
GO

-- ----------------------------
-- Records of IEOP_ROLE
-- ----------------------------
INSERT INTO [IEOP_ROLE] ([ID], [ROLE_NAME], [ROLE_CODE], [ROLE_TYPE], [ISACTIVE], [CREATE_DATE], [TENANT_ID], [LABEL], [DTYPE], [REMARK], [CREATOR], [MODIFY_DATE], [REVISER], [LABEL_NAME], [SYS_ID], [TS], [DR], [ROLE_NAME2], [ROLE_NAME3], [ROLE_NAME4], [ROLE_NAME5], [ROLE_NAME6], [LABEL_NAME2], [LABEL_NAME3], [LABEL_NAME4], [LABEL_NAME5], [LABEL_NAME6]) VALUES ('7e0b25ec1f4648e1a0919d996e278d65', '高级业务员', 'role01', 'user', 'Y', '2018-12-06 20:56:58.850', 'tenant', 'buisource', 'WBRole', NULL, 'U001', '2018-12-13 15:15:15.137', 'U001', '业务员', 'wbalone', '1544685315138', '0', 'senior salesman', '高級業務員', NULL, NULL, NULL, NULL, NULL, NULL, NULL, NULL);
INSERT INTO [IEOP_ROLE] ([ID], [ROLE_NAME], [ROLE_CODE], [ROLE_TYPE], [ISACTIVE], [CREATE_DATE], [TENANT_ID], [LABEL], [DTYPE], [REMARK], [CREATOR], [MODIFY_DATE], [REVISER], [LABEL_NAME], [SYS_ID], [TS], [DR], [ROLE_NAME2], [ROLE_NAME3], [ROLE_NAME4], [ROLE_NAME5], [ROLE_NAME6], [LABEL_NAME2], [LABEL_NAME3], [LABEL_NAME4], [LABEL_NAME5], [LABEL_NAME6]) VALUES ('567ce9517fec4c6aa76d984695dbe0c4', '普通业务员', 'role02', 'user', 'Y', '2018-12-11 14:20:31.770', 'tenant', 'buisource', 'WBRole', NULL, 'U001', '2018-12-13 15:15:49.460', 'U001', '业务员', 'wbalone', '1544685349459', '0', 'general salesman', '普通業務員', NULL, NULL, NULL, NULL, NULL, NULL, NULL, NULL);
GO

-- ----------------------------
-- Records of IEOP_ROLE_USER
-- ----------------------------
GO
INSERT INTO [IEOP_ROLE_USER] ([ID], [ROLE_ID], [ROLE_CODE], [USER_ID], [USER_CODE], [TENANT_ID], [SYS_ID]) VALUES ('3b48a1cc49c34137a1d91ba5fb661957', '7e0b25ec1f4648e1a0919d996e278d65', 'role01', 'e264e00bbb1b4e438f501d56de654ab9', 'bpm01', 'tenant', 'wbalone');
GO
GO
INSERT INTO [IEOP_ROLE_USER] ([ID], [ROLE_ID], [ROLE_CODE], [USER_ID], [USER_CODE], [TENANT_ID], [SYS_ID]) VALUES ('628fdca25edd4178950667dbcbdb1391', '567ce9517fec4c6aa76d984695dbe0c4', 'role02', 'fc33390a46d547d8b63df2710ad8a1cb', 'user02', 'tenant', 'wbalone');
GO
GO
INSERT INTO [IEOP_ROLE_USER] ([ID], [ROLE_ID], [ROLE_CODE], [USER_ID], [USER_CODE], [TENANT_ID], [SYS_ID]) VALUES ('7b57587123984223b20f927b5f860fa6', '7e0b25ec1f4648e1a0919d996e278d65', 'role01', '5dedbb033afd43cc993685301bf969c4', 'bpm02', 'tenant', 'wbalone');
GO
GO
INSERT INTO [IEOP_ROLE_USER] ([ID], [ROLE_ID], [ROLE_CODE], [USER_ID], [USER_CODE], [TENANT_ID], [SYS_ID]) VALUES ('969faee458824ba4a5f658be09153b9c', '7e0b25ec1f4648e1a0919d996e278d65', 'role01', '83e9d17fd7194f76979cb48572f8bf7e', 'user01', 'tenant', 'wbalone');
GO
GO
INSERT INTO [IEOP_ROLE_USER] ([ID], [ROLE_ID], [ROLE_CODE], [USER_ID], [USER_CODE], [TENANT_ID], [SYS_ID]) VALUES ('c0978cad2e2449a0a6262a0cfebfe983', '7e0b25ec1f4648e1a0919d996e278d65', 'role01', '81a0aec25eaf43139637763f83170ec8', 'bpm03', 'tenant', 'wbalone');
GO

INSERT INTO [IEOP_ROLE_PERMISSION] ([ID], [ROLE_ID], [ROLE_CODE], [PERMISSION_ID], [PERMISSION_CODE], [PERMISSION_TYPE], [TENANT_ID], [SYS_ID]) VALUES ('0e7b3e44e881446a93eeee0069d1226d', '7e0b25ec1f4648e1a0919d996e278d65', 'role01', '8ea4dd3f92184315bf59fc745017039c', '/EMERGENCY_CONTACT/deleteBatch', 'action', 'tenant', 'wbalone');
INSERT INTO [IEOP_ROLE_PERMISSION] ([ID], [ROLE_ID], [ROLE_CODE], [PERMISSION_ID], [PERMISSION_CODE], [PERMISSION_TYPE], [TENANT_ID], [SYS_ID]) VALUES ('2070ae3add3c4edb83cac2a50e1b68e6', '7e0b25ec1f4648e1a0919d996e278d65', 'role01', '1cc2c2b68d6d444f8ab82efee52cf45a', '/ALLOWANCES/list', 'action', 'tenant', 'wbalone');
INSERT INTO [IEOP_ROLE_PERMISSION] ([ID], [ROLE_ID], [ROLE_CODE], [PERMISSION_ID], [PERMISSION_CODE], [PERMISSION_TYPE], [TENANT_ID], [SYS_ID]) VALUES ('240744640f11410698101807f34ea63f', '567ce9517fec4c6aa76d984695dbe0c4', 'role02', '9b03021ef646490499af7bfd2e42a1bc', 'tree', '1', 'tenant', NULL);
INSERT INTO [IEOP_ROLE_PERMISSION] ([ID], [ROLE_ID], [ROLE_CODE], [PERMISSION_ID], [PERMISSION_CODE], [PERMISSION_TYPE], [TENANT_ID], [SYS_ID]) VALUES ('2410f6f95c834863b4834276403a5189', '7e0b25ec1f4648e1a0919d996e278d65', 'role01', 'bfac5913447d4367bc6d2f5f87de5e4f', '/ALLOWANCES/updateSelective', 'action', 'tenant', 'wbalone');
INSERT INTO [IEOP_ROLE_PERMISSION] ([ID], [ROLE_ID], [ROLE_CODE], [PERMISSION_ID], [PERMISSION_CODE], [PERMISSION_TYPE], [TENANT_ID], [SYS_ID]) VALUES ('24a910f93c484d4f81b238e4e983f67d', '7e0b25ec1f4648e1a0919d996e278d65', 'role01', '1bf819b5fdf8403aabdfb46d902443af', '/TRAVELING_INFORMATION/deleteBatch', 'action', 'tenant', 'wbalone');
INSERT INTO [IEOP_ROLE_PERMISSION] ([ID], [ROLE_ID], [ROLE_CODE], [PERMISSION_ID], [PERMISSION_CODE], [PERMISSION_TYPE], [TENANT_ID], [SYS_ID]) VALUES ('276d069aff5f44cb9bfc818a1ef83377', '567ce9517fec4c6aa76d984695dbe0c4', 'role02', 'APP00000003', 'index', '1', 'tenant', NULL);
INSERT INTO [IEOP_ROLE_PERMISSION] ([ID], [ROLE_ID], [ROLE_CODE], [PERMISSION_ID], [PERMISSION_CODE], [PERMISSION_TYPE], [TENANT_ID], [SYS_ID]) VALUES ('281adb59de0c4567a23760c7252d9ad0', '7e0b25ec1f4648e1a0919d996e278d65', 'role01', '4b7bcf27758e4fd9808f30baca119985', '/PURCHASE_ORDER/saveAssoVo', 'action', 'tenant', 'wbalone');
INSERT INTO [IEOP_ROLE_PERMISSION] ([ID], [ROLE_ID], [ROLE_CODE], [PERMISSION_ID], [PERMISSION_CODE], [PERMISSION_TYPE], [TENANT_ID], [SYS_ID]) VALUES ('30d9a439e5064651b77b79c1b3aa827c', '7e0b25ec1f4648e1a0919d996e278d65', 'role01', 'adf710afbb884c2ab495098254de49c5', '/PURCHASE_ORDER/deleteBatch', 'action', 'tenant', 'wbalone');
INSERT INTO [IEOP_ROLE_PERMISSION] ([ID], [ROLE_ID], [ROLE_CODE], [PERMISSION_ID], [PERMISSION_CODE], [PERMISSION_TYPE], [TENANT_ID], [SYS_ID]) VALUES ('3464527dd91143978660f574b18da842', '7e0b25ec1f4648e1a0919d996e278d65', 'role01', '9b03021ef646490499af7bfd2e42a1bc', 'tree', '1', 'tenant', NULL);
INSERT INTO [IEOP_ROLE_PERMISSION] ([ID], [ROLE_ID], [ROLE_CODE], [PERMISSION_ID], [PERMISSION_CODE], [PERMISSION_TYPE], [TENANT_ID], [SYS_ID]) VALUES ('3aa3ad144fcd4d2698480c8d53884ad8', '7e0b25ec1f4648e1a0919d996e278d65', 'role01', 'e5f8d2697bb543b5bec815110bcdbd49', '/ALLOWANCES/list', 'action', 'tenant', 'wbalone');
INSERT INTO [IEOP_ROLE_PERMISSION] ([ID], [ROLE_ID], [ROLE_CODE], [PERMISSION_ID], [PERMISSION_CODE], [PERMISSION_TYPE], [TENANT_ID], [SYS_ID]) VALUES ('438440b0067340328e2b9c6e3d95a63a', '7e0b25ec1f4648e1a0919d996e278d65', 'role01', 'c6c588de675f4400a045fd21a8690c3a', '/TRAVELING_INFORMATION/list', 'action', 'tenant', 'wbalone');
INSERT INTO [IEOP_ROLE_PERMISSION] ([ID], [ROLE_ID], [ROLE_CODE], [PERMISSION_ID], [PERMISSION_CODE], [PERMISSION_TYPE], [TENANT_ID], [SYS_ID]) VALUES ('450e0b5fc7104cef923aab2f99122427', '7e0b25ec1f4648e1a0919d996e278d65', 'role01', '2cb772bd2dea4900bde1c13ef331066b', '/EMERGENCY_CONTACT/insertSelective', 'action', 'tenant', 'wbalone');
INSERT INTO [IEOP_ROLE_PERMISSION] ([ID], [ROLE_ID], [ROLE_CODE], [PERMISSION_ID], [PERMISSION_CODE], [PERMISSION_TYPE], [TENANT_ID], [SYS_ID]) VALUES ('4aea6a6daa544db39fd27da91c791bab', '7e0b25ec1f4648e1a0919d996e278d65', 'role01', 'c30209cdb318415897940e96025b7e7a', '/TABLE_DEMO/deleteBatch', 'action', 'tenant', 'wbalone');
INSERT INTO [IEOP_ROLE_PERMISSION] ([ID], [ROLE_ID], [ROLE_CODE], [PERMISSION_ID], [PERMISSION_CODE], [PERMISSION_TYPE], [TENANT_ID], [SYS_ID]) VALUES ('4b99d33c9cda437390d61827a62b8b76', '7e0b25ec1f4648e1a0919d996e278d65', 'role01', '326ac364d5274c839d9bc323426e5447', '/PASSENGER/insertSelective', 'action', 'tenant', 'wbalone');
INSERT INTO [IEOP_ROLE_PERMISSION] ([ID], [ROLE_ID], [ROLE_CODE], [PERMISSION_ID], [PERMISSION_CODE], [PERMISSION_TYPE], [TENANT_ID], [SYS_ID]) VALUES ('4fe0f22053454a0bb00bdc1eaeb45a6b', '7e0b25ec1f4648e1a0919d996e278d65', 'role01', '2cd535bf7d494467b5b1c471cdad6a0b', '/ALLOWANCES/insertSelective', 'action', 'tenant', 'wbalone');
INSERT INTO [IEOP_ROLE_PERMISSION] ([ID], [ROLE_ID], [ROLE_CODE], [PERMISSION_ID], [PERMISSION_CODE], [PERMISSION_TYPE], [TENANT_ID], [SYS_ID]) VALUES ('53e2717b8afc4cca95ae5ed7cff25adb', '567ce9517fec4c6aa76d984695dbe0c4', 'role02', '2928822db89c433184c04957b6f1fe6f', 'masterdetail-many', '1', 'tenant', NULL);
INSERT INTO [IEOP_ROLE_PERMISSION] ([ID], [ROLE_ID], [ROLE_CODE], [PERMISSION_ID], [PERMISSION_CODE], [PERMISSION_TYPE], [TENANT_ID], [SYS_ID]) VALUES ('5ec8c02d254142619bf6acf1abe4c198', '7e0b25ec1f4648e1a0919d996e278d65', 'role01', '2dc6e7dc94b84a3ea984d22546a0140a', '/TABLE_DEMO/list', 'action', 'tenant', 'wbalone');
INSERT INTO [IEOP_ROLE_PERMISSION] ([ID], [ROLE_ID], [ROLE_CODE], [PERMISSION_ID], [PERMISSION_CODE], [PERMISSION_TYPE], [TENANT_ID], [SYS_ID]) VALUES ('5f9f049dc1a6408fa1cee37009890283', '7e0b25ec1f4648e1a0919d996e278d65', 'role01', '06fd431b824a4fe3b8ddc057ef8cf314', '/PURCHASE_ORDER/getAssoVo', 'action', 'tenant', 'wbalone');
INSERT INTO [IEOP_ROLE_PERMISSION] ([ID], [ROLE_ID], [ROLE_CODE], [PERMISSION_ID], [PERMISSION_CODE], [PERMISSION_TYPE], [TENANT_ID], [SYS_ID]) VALUES ('6a622e3652e343949ec8766d063fecb2', '567ce9517fec4c6aa76d984695dbe0c4', 'role02', '1e1573e4a3574e6bb5e8be60f164a6ee', 'singletable-popupedit', '1', 'tenant', NULL);
INSERT INTO [IEOP_ROLE_PERMISSION] ([ID], [ROLE_ID], [ROLE_CODE], [PERMISSION_ID], [PERMISSION_CODE], [PERMISSION_TYPE], [TENANT_ID], [SYS_ID]) VALUES ('6bfd7c2de95d4bb6821410f5d6657bb7', '7e0b25ec1f4648e1a0919d996e278d65', 'role01', 'a393f919ba9640ffac39798109984278', '/PASSENGER/updateSelective', 'action', 'tenant', 'wbalone');
INSERT INTO [IEOP_ROLE_PERMISSION] ([ID], [ROLE_ID], [ROLE_CODE], [PERMISSION_ID], [PERMISSION_CODE], [PERMISSION_TYPE], [TENANT_ID], [SYS_ID]) VALUES ('6cd2ebd8bbca46838f81fc4a846a184e', '7e0b25ec1f4648e1a0919d996e278d65', 'role01', 'a3471008814b41e5aba077ba310a5c20', '/TRAVELING_INFORMATION/updateSelective', 'action', 'tenant', 'wbalone');
INSERT INTO [IEOP_ROLE_PERMISSION] ([ID], [ROLE_ID], [ROLE_CODE], [PERMISSION_ID], [PERMISSION_CODE], [PERMISSION_TYPE], [TENANT_ID], [SYS_ID]) VALUES ('6f59fa1cbf844d57876b60b158da1839', '7e0b25ec1f4648e1a0919d996e278d65', 'role01', '571c1124e86049f5b3e2a1fed7d6b8b3', '/PURCHASE_ORDER/saveAssoVo', 'action', 'tenant', 'wbalone');
INSERT INTO [IEOP_ROLE_PERMISSION] ([ID], [ROLE_ID], [ROLE_CODE], [PERMISSION_ID], [PERMISSION_CODE], [PERMISSION_TYPE], [TENANT_ID], [SYS_ID]) VALUES ('7affe1e984874f1592444ec54c222070', '7e0b25ec1f4648e1a0919d996e278d65', 'role01', 'f3efaf3a6caa443baa52ba762345a56e', 'singletable-query', '1', 'tenant', NULL);
INSERT INTO [IEOP_ROLE_PERMISSION] ([ID], [ROLE_ID], [ROLE_CODE], [PERMISSION_ID], [PERMISSION_CODE], [PERMISSION_TYPE], [TENANT_ID], [SYS_ID]) VALUES ('7e19538db35146fdac152c5c5a054630', '7e0b25ec1f4648e1a0919d996e278d65', 'role01', 'c15008a829d7443aaa3fbbd37e17581c', '/TABLE_DEMO/insertSelective', 'action', 'tenant', 'wbalone');
INSERT INTO [IEOP_ROLE_PERMISSION] ([ID], [ROLE_ID], [ROLE_CODE], [PERMISSION_ID], [PERMISSION_CODE], [PERMISSION_TYPE], [TENANT_ID], [SYS_ID]) VALUES ('866f362580334a559b1fa472365a6e89', '7e0b25ec1f4648e1a0919d996e278d65', 'role01', '792bef6886b64da691be2e11ee07d285', '/TABLE_DEMO/updateSelective', 'action', 'tenant', 'wbalone');
INSERT INTO [IEOP_ROLE_PERMISSION] ([ID], [ROLE_ID], [ROLE_CODE], [PERMISSION_ID], [PERMISSION_CODE], [PERMISSION_TYPE], [TENANT_ID], [SYS_ID]) VALUES ('87cdce80eeb449c1afc1c2b50c16c0d6', '7e0b25ec1f4648e1a0919d996e278d65', 'role01', 'APP00000003', 'index', '1', 'tenant', NULL);
INSERT INTO [IEOP_ROLE_PERMISSION] ([ID], [ROLE_ID], [ROLE_CODE], [PERMISSION_ID], [PERMISSION_CODE], [PERMISSION_TYPE], [TENANT_ID], [SYS_ID]) VALUES ('8be5f847bc244e7ca2540441dda10df8', '7e0b25ec1f4648e1a0919d996e278d65', 'role01', '8c307c88426b4f18b27c65a64501d746', '/ALLOWANCES/insertSelective', 'action', 'tenant', 'wbalone');
INSERT INTO [IEOP_ROLE_PERMISSION] ([ID], [ROLE_ID], [ROLE_CODE], [PERMISSION_ID], [PERMISSION_CODE], [PERMISSION_TYPE], [TENANT_ID], [SYS_ID]) VALUES ('8ff153601afe49b29426ef7dd64ba613', '7e0b25ec1f4648e1a0919d996e278d65', 'role01', '1e1573e4a3574e6bb5e8be60f164a6ee', 'singletable-popupedit', '1', 'tenant', NULL);
INSERT INTO [IEOP_ROLE_PERMISSION] ([ID], [ROLE_ID], [ROLE_CODE], [PERMISSION_ID], [PERMISSION_CODE], [PERMISSION_TYPE], [TENANT_ID], [SYS_ID]) VALUES ('930f4b295060484bbaaf095d77ce2d16', '567ce9517fec4c6aa76d984695dbe0c4', 'role02', 'a68b611de88d40b7869fbdec63fa15e9', 'singletable-inlineEdit', '1', 'tenant', NULL);
INSERT INTO [IEOP_ROLE_PERMISSION] ([ID], [ROLE_ID], [ROLE_CODE], [PERMISSION_ID], [PERMISSION_CODE], [PERMISSION_TYPE], [TENANT_ID], [SYS_ID]) VALUES ('9508eeb373f64fa0bff4eef98a7a41c8', '7e0b25ec1f4648e1a0919d996e278d65', 'role01', 'd33ee12e6d3a4b729224e7c26c892cf5', '/EMERGENCY_CONTACT/updateSelective', 'action', 'tenant', 'wbalone');
INSERT INTO [IEOP_ROLE_PERMISSION] ([ID], [ROLE_ID], [ROLE_CODE], [PERMISSION_ID], [PERMISSION_CODE], [PERMISSION_TYPE], [TENANT_ID], [SYS_ID]) VALUES ('9685b16a86404e0a8611c551ecf7df94', '7e0b25ec1f4648e1a0919d996e278d65', 'role01', 'e2811e0c075a410e841e1a913f7041d3', '/ALLOWANCES/updateSelective', 'action', 'tenant', 'wbalone');
INSERT INTO [IEOP_ROLE_PERMISSION] ([ID], [ROLE_ID], [ROLE_CODE], [PERMISSION_ID], [PERMISSION_CODE], [PERMISSION_TYPE], [TENANT_ID], [SYS_ID]) VALUES ('9be8b011bb864e7fbbe2aaac7b65a1d4', '7e0b25ec1f4648e1a0919d996e278d65', 'role01', '00e601475c6c471aa2cd2250bbcc7ff1', 'masterdetail-one', '1', 'tenant', NULL);
INSERT INTO [IEOP_ROLE_PERMISSION] ([ID], [ROLE_ID], [ROLE_CODE], [PERMISSION_ID], [PERMISSION_CODE], [PERMISSION_TYPE], [TENANT_ID], [SYS_ID]) VALUES ('c217d16a47fb48e294c68d08b4645b91', '7e0b25ec1f4648e1a0919d996e278d65', 'role01', '9cb5c7e59e2c44e99f86e0c7232ba742', '/TRAVELING_INFORMATION/insertSelective', 'action', 'tenant', 'wbalone');
INSERT INTO [IEOP_ROLE_PERMISSION] ([ID], [ROLE_ID], [ROLE_CODE], [PERMISSION_ID], [PERMISSION_CODE], [PERMISSION_TYPE], [TENANT_ID], [SYS_ID]) VALUES ('c2e0616a17694d8a9cedcda7c06ffbfe', '7e0b25ec1f4648e1a0919d996e278d65', 'role01', 'd592f92cbc394d9faab809f86492dbd2', '/PASSENGER/deleteBatch', 'action', 'tenant', 'wbalone');
INSERT INTO [IEOP_ROLE_PERMISSION] ([ID], [ROLE_ID], [ROLE_CODE], [PERMISSION_ID], [PERMISSION_CODE], [PERMISSION_TYPE], [TENANT_ID], [SYS_ID]) VALUES ('c7061aaad7a34db5807afa9f26d6fee8', '567ce9517fec4c6aa76d984695dbe0c4', 'role02', '00e601475c6c471aa2cd2250bbcc7ff1', 'masterdetail-one', '1', 'tenant', NULL);
INSERT INTO [IEOP_ROLE_PERMISSION] ([ID], [ROLE_ID], [ROLE_CODE], [PERMISSION_ID], [PERMISSION_CODE], [PERMISSION_TYPE], [TENANT_ID], [SYS_ID]) VALUES ('c7e367e5b2234286b568c18e3bf9ec39', '7e0b25ec1f4648e1a0919d996e278d65', 'role01', 'aa74b7d81f024cfca0038cdd88f4b799', '/EMERGENCY_CONTACT/list', 'action', 'tenant', 'wbalone');
INSERT INTO [IEOP_ROLE_PERMISSION] ([ID], [ROLE_ID], [ROLE_CODE], [PERMISSION_ID], [PERMISSION_CODE], [PERMISSION_TYPE], [TENANT_ID], [SYS_ID]) VALUES ('c9ee16c43cd44837a6d06a8d8cf11dc7', '567ce9517fec4c6aa76d984695dbe0c4', 'role02', 'f3efaf3a6caa443baa52ba762345a56e', 'singletable-query', '1', 'tenant', NULL);
INSERT INTO [IEOP_ROLE_PERMISSION] ([ID], [ROLE_ID], [ROLE_CODE], [PERMISSION_ID], [PERMISSION_CODE], [PERMISSION_TYPE], [TENANT_ID], [SYS_ID]) VALUES ('dde51e35175b4956ac705345ff15c5e6', '7e0b25ec1f4648e1a0919d996e278d65', 'role01', 'beba9692b84f4d6e981d95ea4d35b3ef', '/PASSENGER/list', 'action', 'tenant', 'wbalone');
INSERT INTO [IEOP_ROLE_PERMISSION] ([ID], [ROLE_ID], [ROLE_CODE], [PERMISSION_ID], [PERMISSION_CODE], [PERMISSION_TYPE], [TENANT_ID], [SYS_ID]) VALUES ('defa59811a51453f8e91b4f535394bb4', '7e0b25ec1f4648e1a0919d996e278d65', 'role01', 'd4cd90dbdec343b499df11f5123ebd01', '/ALLOWANCES/deleteBatch', 'action', 'tenant', 'wbalone');
INSERT INTO [IEOP_ROLE_PERMISSION] ([ID], [ROLE_ID], [ROLE_CODE], [PERMISSION_ID], [PERMISSION_CODE], [PERMISSION_TYPE], [TENANT_ID], [SYS_ID]) VALUES ('e3b4def002df41e883480eb7fe469673', '7e0b25ec1f4648e1a0919d996e278d65', 'role01', 'a68b611de88d40b7869fbdec63fa15e9', 'singletable-inlineEdit', '1', 'tenant', NULL);
INSERT INTO [IEOP_ROLE_PERMISSION] ([ID], [ROLE_ID], [ROLE_CODE], [PERMISSION_ID], [PERMISSION_CODE], [PERMISSION_TYPE], [TENANT_ID], [SYS_ID]) VALUES ('e76ea9e39f6247218d1359db9dc704c4', '7e0b25ec1f4648e1a0919d996e278d65', 'role01', '2928822db89c433184c04957b6f1fe6f', 'masterdetail-many', '1', 'tenant', NULL);
INSERT INTO [IEOP_ROLE_PERMISSION] ([ID], [ROLE_ID], [ROLE_CODE], [PERMISSION_ID], [PERMISSION_CODE], [PERMISSION_TYPE], [TENANT_ID], [SYS_ID]) VALUES ('f65ea7f7c49541219f425a22acc9c3a6', '7e0b25ec1f4648e1a0919d996e278d65', 'role01', '4e568299dc884405a7e7e9aedf01711c', '/ALLOWANCES/deleteBatch', 'action', 'tenant', 'wbalone');
GO

INSERT INTO [ORG_ORGANIZATION] ([ID], [PARENT_ID], [CODE], [NAME], [SHORT_NAME], [INNER_CODE], [SYS_ID], [TENANT_ID], [PRINCIPAL], [CONTACT], [CONTACT_ADDRESS], [CREATE_DATE], [EFFECTIVE_DATE], [DESCRIPTION], [TYPE], [DEF01], [DEF04], [DEF17], [DEF05], [DEF20], [DEF10], [DEF16], [DEF19], [DEF12], [DEF13], [DEF03], [DEF09], [DEF11], [DEF06], [DEF15], [DEF08], [DEF02], [DEF07], [DEF18], [DEF14], [TS], [DR], [CONTACT_PHONE], [NAME2], [NAME3], [NAME4], [NAME5], [NAME6]) VALUES ('a4cf0601-51e6-4012-9967-b7a64a4b2d47', '', N'org1', N'用友集团', N'yyjt', '0001', 'wbalone', 'tenant', N'0dc47840-873a-4ed3-8ae7-c2335a76b385', N'', N'', '2018-12-07 15:42:51.000', '2018-12-07 23:42:50.000', N'', 'Organization', NULL, NULL, NULL, NULL, NULL, NULL, NULL, NULL, NULL, NULL, NULL, NULL, NULL, NULL, NULL, NULL, NULL, NULL, NULL, NULL, '2018-12-14 17:01:07.427', '0', N'', 'yonyou', '用友集團', NULL, NULL, NULL);
GO

INSERT INTO [org_department] ([ID], [PARENT_ID], [ORGANIZATION_ID], [INNER_CODE], [NAME], [CODE], [SHORT_NAME], [CREATE_DATE], [EFFECTIVE_DATE], [DESCRIPTION], [TENANT_ID], [SYS_ID], [PRINCIPAL], [TYPE], [DEF12], [DEF16], [DEF14], [DEF13], [DEF04], [DEF10], [DEF09], [DEF05], [DEF18], [DEF15], [DEF08], [DEF19], [DEF17], [DEF11], [DEF01], [DEF20], [DEF02], [DEF07], [DEF06], [DEF03], [TS], [DR], [NAME2], [NAME3], [NAME4], [NAME5], [NAME6], [SHORT_NAME2], [SHORT_NAME3], [SHORT_NAME4], [SHORT_NAME5], [SHORT_NAME6]) VALUES ('0ebbb6d8-250a-4d1d-a019-7ae951629a2c', NULL, 'a4cf0601-51e6-4012-9967-b7a64a4b2d47', '0004', N'生产处', N'dept2', N'scc', '2018-12-07 15:47:17.000', '2018-12-07 15:47:20.000', N'', 'tenant', 'wbalone', N'', 'Dept', NULL, NULL, NULL, NULL, NULL, NULL, NULL, NULL, NULL, NULL, NULL, NULL, NULL, NULL, NULL, NULL, NULL, NULL, NULL, NULL, '2018-12-14 17:01:31.980', '0', 'scc', '生產處', NULL, NULL, NULL, NULL, NULL, NULL, NULL, NULL);
INSERT INTO [org_department] ([ID], [PARENT_ID], [ORGANIZATION_ID], [INNER_CODE], [NAME], [CODE], [SHORT_NAME], [CREATE_DATE], [EFFECTIVE_DATE], [DESCRIPTION], [TENANT_ID], [SYS_ID], [PRINCIPAL], [TYPE], [DEF12], [DEF16], [DEF14], [DEF13], [DEF04], [DEF10], [DEF09], [DEF05], [DEF18], [DEF15], [DEF08], [DEF19], [DEF17], [DEF11], [DEF01], [DEF20], [DEF02], [DEF07], [DEF06], [DEF03], [TS], [DR], [NAME2], [NAME3], [NAME4], [NAME5], [NAME6], [SHORT_NAME2], [SHORT_NAME3], [SHORT_NAME4], [SHORT_NAME5], [SHORT_NAME6]) VALUES ('55b7fff1-6579-4ca9-92b7-3271d288b9f3', '95b60f35-ed0b-454e-b948-fb45ae30b911', 'a4cf0601-51e6-4012-9967-b7a64a4b2d47', '00010003', N'财务二科', N'dept1_2', N'cwek', '2018-12-07 15:45:13.000', '2018-12-07 15:45:16.000', N'', 'tenant', 'wbalone', N'', 'Dept', NULL, NULL, NULL, NULL, NULL, NULL, NULL, NULL, NULL, NULL, NULL, NULL, NULL, NULL, NULL, NULL, NULL, NULL, NULL, NULL, '2018-12-14 17:02:01.190', '0', 'cwsecond', '財務二科', NULL, NULL, NULL, NULL, NULL, NULL, NULL, NULL);
INSERT INTO [org_department] ([ID], [PARENT_ID], [ORGANIZATION_ID], [INNER_CODE], [NAME], [CODE], [SHORT_NAME], [CREATE_DATE], [EFFECTIVE_DATE], [DESCRIPTION], [TENANT_ID], [SYS_ID], [PRINCIPAL], [TYPE], [DEF12], [DEF16], [DEF14], [DEF13], [DEF04], [DEF10], [DEF09], [DEF05], [DEF18], [DEF15], [DEF08], [DEF19], [DEF17], [DEF11], [DEF01], [DEF20], [DEF02], [DEF07], [DEF06], [DEF03], [TS], [DR], [NAME2], [NAME3], [NAME4], [NAME5], [NAME6], [SHORT_NAME2], [SHORT_NAME3], [SHORT_NAME4], [SHORT_NAME5], [SHORT_NAME6]) VALUES ('95b60f35-ed0b-454e-b948-fb45ae30b911', NULL, 'a4cf0601-51e6-4012-9967-b7a64a4b2d47', '0001', N'财务处', N'dept1', N'cwc', '2018-12-07 15:44:32.000', '2018-12-07 15:44:35.000', N'', 'tenant', 'wbalone', N'', 'Dept', NULL, NULL, NULL, NULL, NULL, NULL, NULL, NULL, NULL, NULL, NULL, NULL, NULL, NULL, NULL, NULL, NULL, NULL, NULL, NULL, '2018-12-14 17:01:39.357', '0', 'cwc', '財務處', NULL, NULL, NULL, NULL, NULL, NULL, NULL, NULL);
INSERT INTO [org_department] ([ID], [PARENT_ID], [ORGANIZATION_ID], [INNER_CODE], [NAME], [CODE], [SHORT_NAME], [CREATE_DATE], [EFFECTIVE_DATE], [DESCRIPTION], [TENANT_ID], [SYS_ID], [PRINCIPAL], [TYPE], [DEF12], [DEF16], [DEF14], [DEF13], [DEF04], [DEF10], [DEF09], [DEF05], [DEF18], [DEF15], [DEF08], [DEF19], [DEF17], [DEF11], [DEF01], [DEF20], [DEF02], [DEF07], [DEF06], [DEF03], [TS], [DR], [NAME2], [NAME3], [NAME4], [NAME5], [NAME6], [SHORT_NAME2], [SHORT_NAME3], [SHORT_NAME4], [SHORT_NAME5], [SHORT_NAME6]) VALUES ('9711d912-3184-4063-90c5-1facc727813c', '95b60f35-ed0b-454e-b948-fb45ae30b911', 'a4cf0601-51e6-4012-9967-b7a64a4b2d47', '00010002', N'财务一科', N'dept1_1', N'cwyk', '2018-12-07 15:44:52.000', '2018-12-07 15:44:54.000', N'', 'tenant', 'wbalone', N'', 'Dept', NULL, NULL, NULL, NULL, NULL, NULL, NULL, NULL, NULL, NULL, NULL, NULL, NULL, NULL, NULL, NULL, NULL, NULL, NULL, NULL, '2018-12-14 17:02:35.913', '0', 'cwfirst', '財務一科', NULL, NULL, NULL, NULL, NULL, NULL, NULL, NULL);
GO

INSERT INTO [bd_position] ([id], [code], [name], [innercode], [creator], [creationtime], [modifier], [modifiedtime], [sysid], [enable], [ts], [dr], [org_id], [dept_id], [job_id], [jobtype_id], [maxrank_id], [minrank_id], [suporior], [maxage], [minage], [professional], [degree], [reqedu], [reqsex], [reqworktime], [reqexp], [reqcert], [duties], [memo], [loc_id], [bu_id], [jobgrade_id], [establishdate], [parentid], [objid], [businessid], [synchts], [create_time], [create_user], [last_modified], [last_modify_user], [tenant_id], [name2], [name3], [name4], [name5], [name6]) VALUES ('6c705e752cf54739afd1b5c327b5dfd3', 'station1_1_1', '会计', NULL, NULL, NULL, NULL, NULL, NULL, '1', '2018-12-14 17:04:06 686', '0', 'a4cf0601-51e6-4012-9967-b7a64a4b2d47', '9711d912-3184-4063-90c5-1facc727813c', NULL, NULL, NULL, NULL, NULL, NULL, NULL, NULL, NULL, NULL, NULL, NULL, NULL, NULL, NULL, NULL, NULL, NULL, NULL, NULL, NULL, NULL, NULL, NULL, NULL, NULL, '2018-12-14 09:04:36 405', 'U001', 'tenant', 'accountant', '會計', NULL, NULL, NULL);
INSERT INTO [bd_position] ([id], [code], [name], [innercode], [creator], [creationtime], [modifier], [modifiedtime], [sysid], [enable], [ts], [dr], [org_id], [dept_id], [job_id], [jobtype_id], [maxrank_id], [minrank_id], [suporior], [maxage], [minage], [professional], [degree], [reqedu], [reqsex], [reqworktime], [reqexp], [reqcert], [duties], [memo], [loc_id], [bu_id], [jobgrade_id], [establishdate], [parentid], [objid], [businessid], [synchts], [create_time], [create_user], [last_modified], [last_modify_user], [tenant_id], [name2], [name3], [name4], [name5], [name6]) VALUES ('804774adb9a84dd1a32a0d475da4c5b7', 'station1', '处长', NULL, NULL, NULL, NULL, NULL, NULL, '1', '2018-12-14 17:03:35 548', '0', 'a4cf0601-51e6-4012-9967-b7a64a4b2d47', '95b60f35-ed0b-454e-b948-fb45ae30b911', NULL, NULL, NULL, NULL, NULL, NULL, NULL, NULL, NULL, NULL, NULL, NULL, NULL, NULL, NULL, NULL, NULL, NULL, NULL, NULL, NULL, NULL, NULL, NULL, NULL, NULL, '2018-12-14 09:04:02 967', 'U001', 'tenant', 'section chief', '處長', NULL, NULL, NULL);
INSERT INTO [bd_position] ([id], [code], [name], [innercode], [creator], [creationtime], [modifier], [modifiedtime], [sysid], [enable], [ts], [dr], [org_id], [dept_id], [job_id], [jobtype_id], [maxrank_id], [minrank_id], [suporior], [maxage], [minage], [professional], [degree], [reqedu], [reqsex], [reqworktime], [reqexp], [reqcert], [duties], [memo], [loc_id], [bu_id], [jobgrade_id], [establishdate], [parentid], [objid], [businessid], [synchts], [create_time], [create_user], [last_modified], [last_modify_user], [tenant_id], [name2], [name3], [name4], [name5], [name6]) VALUES ('d04dd724a3dc43f3a039d055a6c9bbdd', 'station1_1', '科长', NULL, NULL, NULL, NULL, NULL, NULL, '1', '2018-12-14 17:02:49 898', '0', 'a4cf0601-51e6-4012-9967-b7a64a4b2d47', '9711d912-3184-4063-90c5-1facc727813c', NULL, NULL, NULL, NULL, NULL, NULL, NULL, NULL, NULL, NULL, NULL, NULL, NULL, NULL, NULL, NULL, NULL, NULL, NULL, NULL, NULL, NULL, NULL, NULL, NULL, NULL, '2018-12-14 09:03:26 145', 'U001', 'tenant', 'Section Chief', '科長', NULL, NULL, NULL);
GO

INSERT INTO [BD_STAFF] ([ID], [CODE], [NAME], [PARENTID], [INNERCODE], [CREATOR], [CREATIONTIME], [MODIFIER], [MODIFIEDTIME], [TENANTID], [SYSID], [ENABLE], [TS], [DR], [AVATOR], [CERTTYPEID], [CERTNUM], [GENDER], [BIRTHDATE], [MARITALSTATUS], [EDUCATIONBG], [EMAIL], [MOBILE], [PARTICIPATEWORKDATE], [USERID], [NAME2], [NAME3], [NAME4], [NAME5], [NAME6]) VALUES ('0dc47840-873a-4ed3-8ae7-c2335a76b385', 'bpm01', N'张一', NULL, NULL, N'U001', '2018-12-11 14:44:23.273', N'U001', '2018-12-13 15:34:58.370', 'tenant', 'wbalone', '1', NULL, '0', NULL, 'CT00001', '230405199108097788', 'G02', '1991-08-09 09:00:00.000', N'', N'E01', N'bpm01@qq.com', N'18777777777', '2018-12-11 08:00:00.000', 'e264e00bbb1b4e438f501d56de654ab9', 'zhangyi', '張一', NULL, NULL, NULL);
INSERT INTO [BD_STAFF] ([ID], [CODE], [NAME], [PARENTID], [INNERCODE], [CREATOR], [CREATIONTIME], [MODIFIER], [MODIFIEDTIME], [TENANTID], [SYSID], [ENABLE], [TS], [DR], [AVATOR], [CERTTYPEID], [CERTNUM], [GENDER], [BIRTHDATE], [MARITALSTATUS], [EDUCATIONBG], [EMAIL], [MOBILE], [PARTICIPATEWORKDATE], [USERID], [NAME2], [NAME3], [NAME4], [NAME5], [NAME6]) VALUES ('c97b59e2-9fa3-44d7-93b0-1be52f7aa550', 'bpm02', N'张二', NULL, NULL, N'U001', '2018-12-11 14:51:13.743', N'U001', '2018-12-13 15:35:29.223', 'tenant', 'wbalone', '1', NULL, '0', NULL, 'CT00001', '234567199804252345', 'G02', '1998-04-25 08:00:00.000', N'', N'E01', N'bpm02@qq.com', N'18788888888', '2018-12-11 08:00:00.000', '5dedbb033afd43cc993685301bf969c4', 'zhanger', '張二', NULL, NULL, NULL);
INSERT INTO [BD_STAFF] ([ID], [CODE], [NAME], [PARENTID], [INNERCODE], [CREATOR], [CREATIONTIME], [MODIFIER], [MODIFIEDTIME], [TENANTID], [SYSID], [ENABLE], [TS], [DR], [AVATOR], [CERTTYPEID], [CERTNUM], [GENDER], [BIRTHDATE], [MARITALSTATUS], [EDUCATIONBG], [EMAIL], [MOBILE], [PARTICIPATEWORKDATE], [USERID], [NAME2], [NAME3], [NAME4], [NAME5], [NAME6]) VALUES ('e8a7cd43-5ac7-462b-87cc-bb1b3a195504', 'bpm03', N'张三', NULL, NULL, N'U001', '2018-12-11 14:52:19.537', N'U001', '2018-12-13 15:37:31.570', 'tenant', 'wbalone', '1', NULL, '0', NULL, 'CT00001', '234567199106082345', 'G02', '1991-06-08 09:00:00.000', N'', N'E01', N'bpm03@qq.com', N'18799999999', '2018-12-11 08:00:00.000', '81a0aec25eaf43139637763f83170ec8', 'zhangsan', '張三', NULL, NULL, NULL);
GO

INSERT INTO [BD_MAIN_JOB] ([ID], [CODE], [NAME], [PARENTID], [INNERCODE], [CREATOR], [CREATIONTIME], [MODIFIER], [MODIFIEDTIME], [TENANTID], [SYSID], [ENABLE], [TS], [DR], [STAFFID], [ORGID], [DEPTID], [PSNLCATGID], [DUTYID], [POSITIONID], [RANKID], [MAINJOB], [STARTSERVETIME], [ENDSERVETIME]) VALUES ('00701c76-c10b-4902-a77b-5eb7628b3324', NULL, NULL, NULL, NULL, 'U001', '2018-12-11 14:44:23.273', NULL, NULL, 'tenant', 'wbalone', '0', NULL, '0', '0dc47840-873a-4ed3-8ae7-c2335a76b385', 'a4cf0601-51e6-4012-9967-b7a64a4b2d47', '9711d912-3184-4063-90c5-1facc727813c', NULL, NULL, '6c705e752cf54739afd1b5c327b5dfd3', NULL, NULL, '2018-12-11 08:00:00.000', '2031-07-11 08:00:00.000');
GO
INSERT INTO [BD_MAIN_JOB] ([ID], [CODE], [NAME], [PARENTID], [INNERCODE], [CREATOR], [CREATIONTIME], [MODIFIER], [MODIFIEDTIME], [TENANTID], [SYSID], [ENABLE], [TS], [DR], [STAFFID], [ORGID], [DEPTID], [PSNLCATGID], [DUTYID], [POSITIONID], [RANKID], [MAINJOB], [STARTSERVETIME], [ENDSERVETIME]) VALUES ('384699db-aa85-4928-92ea-87172942ba52', NULL, NULL, NULL, NULL, 'U001', '2018-12-11 14:51:13.743', NULL, NULL, 'tenant', 'wbalone', '0', NULL, '0', 'c97b59e2-9fa3-44d7-93b0-1be52f7aa550', 'a4cf0601-51e6-4012-9967-b7a64a4b2d47', '9711d912-3184-4063-90c5-1facc727813c', NULL, NULL, 'd04dd724a3dc43f3a039d055a6c9bbdd', NULL, NULL, '2018-12-11 08:00:00.000', NULL);
GO
INSERT INTO [BD_MAIN_JOB] ([ID], [CODE], [NAME], [PARENTID], [INNERCODE], [CREATOR], [CREATIONTIME], [MODIFIER], [MODIFIEDTIME], [TENANTID], [SYSID], [ENABLE], [TS], [DR], [STAFFID], [ORGID], [DEPTID], [PSNLCATGID], [DUTYID], [POSITIONID], [RANKID], [MAINJOB], [STARTSERVETIME], [ENDSERVETIME]) VALUES ('ebd9c907-9a79-4558-9ef0-22f55a4b7fc9', NULL, NULL, NULL, NULL, 'U001', '2018-12-11 14:52:19.537', NULL, NULL, 'tenant', 'wbalone', '0', NULL, '0', 'e8a7cd43-5ac7-462b-87cc-bb1b3a195504', 'a4cf0601-51e6-4012-9967-b7a64a4b2d47', '95b60f35-ed0b-454e-b948-fb45ae30b911', NULL, NULL, '804774adb9a84dd1a32a0d475da4c5b7', NULL, NULL, '2018-12-11 08:00:00.000', NULL);
GO


-- INSERT INTO [iuap_bpm_model] ([id], [pid], [name], [code], [is_catalog], [create_date]) VALUES (N'91f640db-7ca0-4a2d-b4dc-b600f0928cb1', N'root', N'财务处审批', NULL, NULL, '2018-12-11 14:52:43.500');


-- INSERT INTO [iuap_bpm_info] ([id], [proc_name], [biz_model_ref_id], [category_id], [description], [proc_model_id], [proc_deploy_id], [proc_key], [proc_def_id]) VALUES (N'1de8d606-96a2-499c-bd89-f5da5834ee17', N'一般财务审批', NULL, N'91f640db-7ca0-4a2d-b4dc-b600f0928cb1', NULL, N'2a3f40ae-fde0-11e8-9ec2-06097e000124', NULL, N'eiap497457', NULL);


-- INSERT INTO [app_res_allocate] ([pk], [funcid], [funccode], [restype], [nodekey], [pk_res], [isdefault], [def1], [def2], [def3], [def4], [def5], [ts], [dr], [tenant_id]) VALUES ('f0d620e0-e145-44cf-852e-de64c4729816', '00e601475c6c471aa2cd2250bbcc7ff1', 'masterdetail-one', 'bpm', 'purchaseOrder', 'eiap497457', NULL, NULL, NULL, NULL, NULL, NULL, '2018-12-12 16:25:15.143', '0', 'tenant');



-- INSERT INTO [print_bo] ([bo_name], [bo_name2], [bo_name3], [bo_name4], [bo_name5], [bo_name6], [bo_code], [descripsion], [pk_botype], [pk_metadata], [pk_bo], [pk_parent], [sysattrtypes], [sysext], [sysext2], [sysext3], [sysext4], [sysext5], [busiext], [busiext2], [busiext3], [busiext4], [busiext5], [busiext6], [busiext7], [busiext8], [busiext9], [busiext10], [bingsysattrs], [tenant_id], [app_id], [createby], [createtime], [modifiedby], [modifiedtime]) VALUES ('乘客信息', NULL, NULL, NULL, NULL, NULL, 'PASSENGER', NULL, NULL, NULL, 'bf315ae0-fcb2-4699-8bfd-48c381b65ab3', NULL, NULL, NULL, NULL, NULL, NULL, NULL, NULL, NULL, NULL, NULL, NULL, NULL, NULL, NULL, NULL, NULL, NULL, 'tenant', 'privateprint', 'export', NULL, NULL, NULL);

-- INSERT INTO [print_sub_bo] ([bo_name], [bo_name2], [bo_name3], [bo_name4], [bo_name5], [bo_name6], [bo_code], [descripsion], [pk_botype], [pk_metadata], [pk_bo], [pk_parent], [sysattrtypes], [sysext], [sysext2], [sysext3], [sysext4], [sysext5], [busiext], [busiext2], [busiext3], [busiext4], [busiext5], [busiext6], [busiext7], [busiext8], [busiext9], [busiext10], [bingsysattrs], [tenant_id], [app_id], [createby], [createtime], [modifiedby], [modifiedtime]) VALUES ('乘客乘车信息', NULL, NULL, NULL, NULL, NULL, 'TRAVELING_INFORMATION', NULL, NULL, NULL, 'a36f55f2-bab9-4358-8975-413e6d3d609d', 'bf315ae0-fcb2-4699-8bfd-48c381b65ab3', NULL, NULL, NULL, NULL, NULL, NULL, NULL, NULL, NULL, NULL, NULL, NULL, NULL, NULL, NULL, NULL, NULL, 'tenant', 'privateprint', 'export', NULL, NULL, NULL);
-- INSERT INTO [print_sub_bo] ([bo_name], [bo_name2], [bo_name3], [bo_name4], [bo_name5], [bo_name6], [bo_code], [descripsion], [pk_botype], [pk_metadata], [pk_bo], [pk_parent], [sysattrtypes], [sysext], [sysext2], [sysext3], [sysext4], [sysext5], [busiext], [busiext2], [busiext3], [busiext4], [busiext5], [busiext6], [busiext7], [busiext8], [busiext9], [busiext10], [bingsysattrs], [tenant_id], [app_id], [createby], [createtime], [modifiedby], [modifiedtime]) VALUES ('紧急联系人', NULL, NULL, NULL, NULL, NULL, 'EMERGENCY_CONTACT', NULL, NULL, NULL, 'e7e979d6-6555-4bf0-a1a8-6a385661ed56', 'bf315ae0-fcb2-4699-8bfd-48c381b65ab3', NULL, NULL, NULL, NULL, NULL, NULL, NULL, NULL, NULL, NULL, NULL, NULL, NULL, NULL, NULL, NULL, NULL, 'tenant', 'privateprint', 'export', NULL, NULL, NULL);

-- INSERT INTO [app_res_allocate] ([pk], [funcid], [funccode], [restype], [nodekey], [pk_res], [isdefault], [def1], [def2], [def3], [def4], [def5], [ts], [dr], [tenant_id]) VALUES ('d8fd122e-5265-40ad-ad65-c8b3f3832a66', '2928822db89c433184c04957b6f1fe6f', 'masterdetail-many', 'print', 'passenger', 'Passenger', NULL, NULL, NULL, NULL, NULL, NULL, '2018-12-12 17:14:55.397', '0', 'tenant');


INSERT INTO [pap_bcr_obj] ([pk_billobj], [code], [name], [pk_parent], [iscatalog], [assigntype], [createdate], [sysid], [tenantid]) VALUES (N'5a87aced-a528-47fa-a48d-1eccfff01e07', N'passenger', N'B3', N'00001', N'N', null, N'2018-12-10 19:54:40.223', N'wbalone', N'tenant')
GO
INSERT INTO [pap_bcr_obj] ([pk_billobj], [code], [name], [pk_parent], [iscatalog], [assigntype], [createdate], [sysid], [tenantid]) VALUES (N'9c554bb8-6ed4-4c6b-ad52-d652c0585317', N'order', N'B2', N'00001', N'N', null, N'2018-12-10 19:54:28.103', N'wbalone', N'tenant')
GO

INSERT INTO PAP_BCR_CANDIDATEPROP (PK, PK_BCR_OBJ, EN_PROP_NAME, DISPLAY_NAME, ELEM_TYPE, MAPPING_ENTITY, CREATE_DATE, DISPLAY_NAME2, DISPLAY_NAME3, DISPLAY_NAME4, DISPLAY_NAME5, DISPLAY_NAME6) VALUES ('ab084588-f34e-4775-b616-fd6c7f070ea3', '9c554bb8-6ed4-4c6b-ad52-d652c0585317', 'orderName', '名称', '5', NULL, NULL , 'Name', '名稱', NULL, NULL, NULL);
INSERT INTO PAP_BCR_CANDIDATEPROP (PK, PK_BCR_OBJ, EN_PROP_NAME, DISPLAY_NAME, ELEM_TYPE, MAPPING_ENTITY, CREATE_DATE, DISPLAY_NAME2, DISPLAY_NAME3, DISPLAY_NAME4, DISPLAY_NAME5, DISPLAY_NAME6) VALUES ('0aa2f1e7-6aad-4848-857c-707adf3de812', '9c554bb8-6ed4-4c6b-ad52-d652c0585317', 'orderDept', '部门', '6', '222', NULL, 'Department', '部門', NULL, NULL, NULL);
GO

INSERT INTO [pap_bcr_obj] ([pk_billobj], [code], [name], [pk_parent], [iscatalog], [assigntype], [createdate], [sysid], [tenantid]) VALUES (N'e32cee48-ba2e-4aeb-b942-f9794169b2dc', N'iuapd_asval', N'A', N'00001', N'N', null, N'2018-12-10 19:54:00.547', N'wbalone', N'tenant')
GO
GO
INSERT INTO [pap_bcr_rulebase] ([pk_billcodebase], [pkbillobj], [rulecode], [rulename], [codemode], [iseditable], [isautofill], [format], [isdefault], [isused], [islenvar], [isgetpk], [renterid], [sysid], [createdate], [rulename2], [rulename3], [rulename4], [rulename5], [rulename6]) VALUES ('aa8d4c80453247a6b50a7caca15d03f4', '9c554bb8-6ed4-4c6b-ad52-d652c0585317', 'order', '请购单', 'behCode', 'N', 'N', NULL, 'Y', NULL, 'Y', NULL, 'tenant', 'wbalone', '2018-12-10 19:56:58.313', 'Purchase requisition', '請購單', 'null', 'null', 'null');
INSERT INTO [pap_bcr_rulebase] ([pk_billcodebase], [pkbillobj], [rulecode], [rulename], [codemode], [iseditable], [isautofill], [format], [isdefault], [isused], [islenvar], [isgetpk], [renterid], [sysid], [createdate], [rulename2], [rulename3], [rulename4], [rulename5], [rulename6]) VALUES ('b7617395f5e24d60ae31907570b9aa3a', '5a87aced-a528-47fa-a48d-1eccfff01e07', 'passenger', '乘客编码', 'behCode', 'N', 'N', NULL, 'Y', NULL, 'Y', NULL, 'tenant', 'wbalone', '2018-12-10 19:57:53.970', 'Passenger code', '乘客編碼', 'null', 'null', 'null');
INSERT INTO [pap_bcr_rulebase] ([pk_billcodebase], [pkbillobj], [rulecode], [rulename], [codemode], [iseditable], [isautofill], [format], [isdefault], [isused], [islenvar], [isgetpk], [renterid], [sysid], [createdate], [rulename2], [rulename3], [rulename4], [rulename5], [rulename6]) VALUES ('ff30ea776c3d4b5b8a743dfb6bb6aafd', 'e32cee48-ba2e-4aeb-b942-f9794169b2dc', 'iuapd_asval', '员工津贴', 'behCode', 'N', 'N', NULL, 'Y', NULL, 'Y', NULL, 'tenant', 'wbalone', '2018-12-10 19:56:02.617', 'Compensate Employees', '員工津貼', 'null', 'null', 'null');
GO

GO
INSERT INTO [pap_bcr_elem] ([pk_billcodeelem], [pk_billcodebase], [elemtype], [elemvalue], [elemlenth], [isrefer], [eorder], [fillstyle], [datedisplayformat], [fillsign], [createdate]) VALUES ('04bdc901910a4bc395302da11f31edb0', 'aa8d4c80453247a6b50a7caca15d03f4', '1', 'ORDER_', '6', '0', '0', '-1', NULL, NULL, '2018-12-10 19:56:58.320');
GO
GO
INSERT INTO [pap_bcr_elem] ([pk_billcodeelem], [pk_billcodebase], [elemtype], [elemvalue], [elemlenth], [isrefer], [eorder], [fillstyle], [datedisplayformat], [fillsign], [createdate]) VALUES ('14a78ff45c324f4288fba80fbb32d993', 'aa8d4c80453247a6b50a7caca15d03f4', '0', '0', '4', '0', '2', '-1', NULL, NULL, '2018-12-10 19:56:58.320');
GO
GO
INSERT INTO [pap_bcr_elem] ([pk_billcodeelem], [pk_billcodebase], [elemtype], [elemvalue], [elemlenth], [isrefer], [eorder], [fillstyle], [datedisplayformat], [fillsign], [createdate]) VALUES ('26d487c5ebd8462f9ad97972c1c0b8c3', 'ff30ea776c3d4b5b8a743dfb6bb6aafd', '1', 'ASVAL_', '6', '0', '0', '-1', NULL, NULL, '2018-12-10 19:56:02.627');
GO
GO
INSERT INTO [pap_bcr_elem] ([pk_billcodeelem], [pk_billcodebase], [elemtype], [elemvalue], [elemlenth], [isrefer], [eorder], [fillstyle], [datedisplayformat], [fillsign], [createdate]) VALUES ('53ac2d51b6b343ffbbb855dab322db32', 'ff30ea776c3d4b5b8a743dfb6bb6aafd', '2', NULL, '8', '2', '1', '-1', 'yyyyMMdd', NULL, '2018-12-10 19:56:02.627');
GO
GO
INSERT INTO [pap_bcr_elem] ([pk_billcodeelem], [pk_billcodebase], [elemtype], [elemvalue], [elemlenth], [isrefer], [eorder], [fillstyle], [datedisplayformat], [fillsign], [createdate]) VALUES ('55ae5824576b4663bcf5500ded206d92', 'b7617395f5e24d60ae31907570b9aa3a', '1', 'PASSENGER_', '10', '0', '0', '-1', NULL, NULL, '2018-12-10 19:57:53.103');
GO
GO
INSERT INTO [pap_bcr_elem] ([pk_billcodeelem], [pk_billcodebase], [elemtype], [elemvalue], [elemlenth], [isrefer], [eorder], [fillstyle], [datedisplayformat], [fillsign], [createdate]) VALUES ('597960d66d2c4f83825820f57d310ab0', 'b7617395f5e24d60ae31907570b9aa3a', '0', '0', '4', '0', '2', '-1', NULL, NULL, '2018-12-10 19:57:53.103');
GO
GO
INSERT INTO [pap_bcr_elem] ([pk_billcodeelem], [pk_billcodebase], [elemtype], [elemvalue], [elemlenth], [isrefer], [eorder], [fillstyle], [datedisplayformat], [fillsign], [createdate]) VALUES ('c4a6985246a4411db1526a18d7146819', 'aa8d4c80453247a6b50a7caca15d03f4', '2', NULL, '8', '1', '1', '-1', 'yyyyMMdd', NULL, '2018-12-10 19:56:58.320');
GO
GO
INSERT INTO [pap_bcr_elem] ([pk_billcodeelem], [pk_billcodebase], [elemtype], [elemvalue], [elemlenth], [isrefer], [eorder], [fillstyle], [datedisplayformat], [fillsign], [createdate]) VALUES ('c7ca8bbf381841f89b92823578643a0c', 'b7617395f5e24d60ae31907570b9aa3a', '2', NULL, '8', '2', '1', '-1', 'yyyyMMdd', NULL, '2018-12-10 19:57:53.103');
GO
GO
INSERT INTO [pap_bcr_elem] ([pk_billcodeelem], [pk_billcodebase], [elemtype], [elemvalue], [elemlenth], [isrefer], [eorder], [fillstyle], [datedisplayformat], [fillsign], [createdate]) VALUES ('fc01eb1e2581439fb75ffba5c9c40a38', 'ff30ea776c3d4b5b8a743dfb6bb6aafd', '0', '0', '4', '0', '2', '-1', NULL, NULL, '2018-12-10 19:56:02.627');
GO


INSERT INTO [IUAPD_TREELIST] ([ID], [NAME], [IS_SON], [PARENTID], [CREATE_TIME], [CREATE_USER], [LAST_MODIFIED], [LAST_MODIFY_USER], [TS], [DR], [BPM_STATE], [TENANT_ID], [CODE]) VALUES ('a7fd55cb0bfd4a28a560a29c65b00002', '测试2', '2', '0', '', '', '2018-11-06 08:40:03 875', 'e4664c3af5384084926d54e0d9b740d4', '2018-11-06 16:40:03 910', '0', '0', 'tenant', '0002');
INSERT INTO [IUAPD_TREELIST] ([ID], [NAME], [IS_SON], [PARENTID], [CREATE_TIME], [CREATE_USER], [LAST_MODIFIED], [LAST_MODIFY_USER], [TS], [DR], [BPM_STATE], [TENANT_ID], [CODE]) VALUES ('a7fd55cb0bfd4a28a560a29c65b00003', '测试3', '2', '0', '', '', '2018-11-06 08:40:03 876', 'e4664c3af5384084926d54e0d9b740d4', '2018-11-06 16:40:03 910', '0', '0', 'tenant', '0003');
INSERT INTO [IUAPD_TREELIST] ([ID], [NAME], [IS_SON], [PARENTID], [CREATE_TIME], [CREATE_USER], [LAST_MODIFIED], [LAST_MODIFY_USER], [TS], [DR], [BPM_STATE], [TENANT_ID], [CODE]) VALUES ('a7fd55cb0bfd4a28a560a29c65b00004', '测试4', '2', '0', '', '', '2018-11-06 08:40:03 877', 'e4664c3af5384084926d54e0d9b740d4', '2018-11-06 16:40:03 910', '0', '0', 'tenant', '0004');
INSERT INTO [IUAPD_TREELIST] ([ID], [NAME], [IS_SON], [PARENTID], [CREATE_TIME], [CREATE_USER], [LAST_MODIFIED], [LAST_MODIFY_USER], [TS], [DR], [BPM_STATE], [TENANT_ID], [CODE]) VALUES ('a7fd55cb0bfd4a28a560a29c65b00005', '测试5', '2', '0', '', '', '2018-12-11 09:39:36 428', '8fc4556df56449c39922ac2d67cfbde6', '2018-12-11 17:39:36 428', '0', '0', 'tenant', '0005');
INSERT INTO [IUAPD_TREELIST] ([ID], [NAME], [IS_SON], [PARENTID], [CREATE_TIME], [CREATE_USER], [LAST_MODIFIED], [LAST_MODIFY_USER], [TS], [DR], [BPM_STATE], [TENANT_ID], [CODE]) VALUES ('a7fd55cb0bfd4a28a560a29c65b00006', '测试6', '1', '0', '', '', '2018-12-11 09:37:42 174', '8fc4556df56449c39922ac2d67cfbde6', '2018-12-11 17:37:42 175', '0', '0', 'tenant', '0006');
INSERT INTO [IUAPD_TREELIST] ([ID], [NAME], [IS_SON], [PARENTID], [CREATE_TIME], [CREATE_USER], [LAST_MODIFIED], [LAST_MODIFY_USER], [TS], [DR], [BPM_STATE], [TENANT_ID], [CODE]) VALUES ('a7fd55cb0bfd4a28a560a29c65b00007', '测试7', '1', '0', '', '', '2018-11-06 08:40:03 877', 'e4664c3af5384084926d54e0d9b740d4', '2018-11-06 16:40:03 910', '0', '0', 'tenant', '0007');
INSERT INTO [IUAPD_TREELIST] ([ID], [NAME], [IS_SON], [PARENTID], [CREATE_TIME], [CREATE_USER], [LAST_MODIFIED], [LAST_MODIFY_USER], [TS], [DR], [BPM_STATE], [TENANT_ID], [CODE]) VALUES ('a7fd55cb0bfd4a28a560a29c65b00008', '测试8', '1', '0', '', '', '2018-11-06 08:40:03 877', 'e4664c3af5384084926d54e0d9b740d4', '2018-11-06 16:40:03 910', '0', '0', 'tenant', '0008');
INSERT INTO [IUAPD_TREELIST] ([ID], [NAME], [IS_SON], [PARENTID], [CREATE_TIME], [CREATE_USER], [LAST_MODIFIED], [LAST_MODIFY_USER], [TS], [DR], [BPM_STATE], [TENANT_ID], [CODE]) VALUES ('a7fd55cb0bfd4a28a560a29c65b00009', '测试9', '1', '0', '', '', '2018-11-06 08:40:03 877', 'e4664c3af5384084926d54e0d9b740d4', '2018-11-06 16:40:03 910', '0', '0', 'tenant', '0009');
INSERT INTO [IUAPD_TREELIST] ([ID], [NAME], [IS_SON], [PARENTID], [CREATE_TIME], [CREATE_USER], [LAST_MODIFIED], [LAST_MODIFY_USER], [TS], [DR], [BPM_STATE], [TENANT_ID], [CODE]) VALUES ('a7fd55cb0bfd4a28a560a29c65b00010', '测试10', '1', '0', '', '', '2018-11-06 08:40:03 877', 'e4664c3af5384084926d54e0d9b740d4', '2018-11-06 16:40:03 910', '0', '0', 'tenant', '0010');
INSERT INTO [IUAPD_TREELIST] ([ID], [NAME], [IS_SON], [PARENTID], [CREATE_TIME], [CREATE_USER], [LAST_MODIFIED], [LAST_MODIFY_USER], [TS], [DR], [BPM_STATE], [TENANT_ID], [CODE]) VALUES ('a7fd55cb0bfd4a28a560a29c65b00011', '测试11', '1', '0', '', '', '2018-11-06 08:40:03 877', 'e4664c3af5384084926d54e0d9b740d4', '2018-11-06 16:40:03 910', '0', '0', 'tenant', '0011');
INSERT INTO [IUAPD_TREELIST] ([ID], [NAME], [IS_SON], [PARENTID], [CREATE_TIME], [CREATE_USER], [LAST_MODIFIED], [LAST_MODIFY_USER], [TS], [DR], [BPM_STATE], [TENANT_ID], [CODE]) VALUES ('a7fd55cb0bfd4a28a560a29c65b00012', '测试12', '1', '0', '', '', '2018-11-06 08:40:03 877', 'e4664c3af5384084926d54e0d9b740d4', '2018-11-06 16:40:03 910', '0', '0', 'tenant', '0012');
INSERT INTO [IUAPD_TREELIST] ([ID], [NAME], [IS_SON], [PARENTID], [CREATE_TIME], [CREATE_USER], [LAST_MODIFIED], [LAST_MODIFY_USER], [TS], [DR], [BPM_STATE], [TENANT_ID], [CODE]) VALUES ('a7fd55cb0bfd4a28a560a29c65b00013', '测试13', '1', '0', '', '', '2018-11-06 08:40:03 877', 'e4664c3af5384084926d54e0d9b740d4', '2018-11-06 16:40:03 910', '0', '0', 'tenant', '0013');
INSERT INTO [IUAPD_TREELIST] ([ID], [NAME], [IS_SON], [PARENTID], [CREATE_TIME], [CREATE_USER], [LAST_MODIFIED], [LAST_MODIFY_USER], [TS], [DR], [BPM_STATE], [TENANT_ID], [CODE]) VALUES ('a7fd55cb0bfd4a28a560a29c65b00014', '测试14', '1', '0', '', '', '2018-11-06 08:40:03 877', 'e4664c3af5384084926d54e0d9b740d4', '2018-11-06 16:40:03 910', '0', '0', 'tenant', '0014');
INSERT INTO [IUAPD_TREELIST] ([ID], [NAME], [IS_SON], [PARENTID], [CREATE_TIME], [CREATE_USER], [LAST_MODIFIED], [LAST_MODIFY_USER], [TS], [DR], [BPM_STATE], [TENANT_ID], [CODE]) VALUES ('a7fd55cb0bfd4a28a560a29c65b00015', '测试15', '1', '0', '', '', '2018-11-06 08:40:03 877', 'e4664c3af5384084926d54e0d9b740d4', '2018-11-06 16:40:03 910', '0', '0', 'tenant', '0015');
INSERT INTO [IUAPD_TREELIST] ([ID], [NAME], [IS_SON], [PARENTID], [CREATE_TIME], [CREATE_USER], [LAST_MODIFIED], [LAST_MODIFY_USER], [TS], [DR], [BPM_STATE], [TENANT_ID], [CODE]) VALUES ('a7fd55cb0bfd4a28a560a29c65b00016', '测试16', '1', '0', '', '', '2018-11-06 08:40:03 877', 'e4664c3af5384084926d54e0d9b740d4', '2018-11-06 16:40:03 910', '0', '0', 'tenant', '0016');
INSERT INTO [IUAPD_TREELIST] ([ID], [NAME], [IS_SON], [PARENTID], [CREATE_TIME], [CREATE_USER], [LAST_MODIFIED], [LAST_MODIFY_USER], [TS], [DR], [BPM_STATE], [TENANT_ID], [CODE]) VALUES ('a7fd55cb0bfd4a28a560a29c65b00017', '测试17', '1', '0', '', '', '2018-11-06 08:40:03 877', 'e4664c3af5384084926d54e0d9b740d4', '2018-11-06 16:40:03 910', '0', '0', 'tenant', '0017');
INSERT INTO [IUAPD_TREELIST] ([ID], [NAME], [IS_SON], [PARENTID], [CREATE_TIME], [CREATE_USER], [LAST_MODIFIED], [LAST_MODIFY_USER], [TS], [DR], [BPM_STATE], [TENANT_ID], [CODE]) VALUES ('a7fd55cb0bfd4a28a560a29c65b00018', '测试18', '1', '0', '', '', '2018-11-06 08:40:03 877', 'e4664c3af5384084926d54e0d9b740d4', '2018-11-06 16:40:03 910', '0', '0', 'tenant', '0018');
INSERT INTO [IUAPD_TREELIST] ([ID], [NAME], [IS_SON], [PARENTID], [CREATE_TIME], [CREATE_USER], [LAST_MODIFIED], [LAST_MODIFY_USER], [TS], [DR], [BPM_STATE], [TENANT_ID], [CODE]) VALUES ('a7fd55cb0bfd4a28a560a29c65b00019', '测试19', '1', '0', '', '', '2018-11-06 08:40:03 877', 'e4664c3af5384084926d54e0d9b740d4', '2018-11-06 16:40:03 910', '0', '0', 'tenant', '0019');
INSERT INTO [IUAPD_TREELIST] ([ID], [NAME], [IS_SON], [PARENTID], [CREATE_TIME], [CREATE_USER], [LAST_MODIFIED], [LAST_MODIFY_USER], [TS], [DR], [BPM_STATE], [TENANT_ID], [CODE]) VALUES ('a7fd55cb0bfd4a28a560a29c65b00020', '测试20', '1', '0', '', '', '2018-11-06 08:40:03 877', 'e4664c3af5384084926d54e0d9b740d4', '2018-11-06 16:40:03 910', '0', '0', 'tenant', '0020');
INSERT INTO [IUAPD_TREELIST] ([ID], [NAME], [IS_SON], [PARENTID], [CREATE_TIME], [CREATE_USER], [LAST_MODIFIED], [LAST_MODIFY_USER], [TS], [DR], [BPM_STATE], [TENANT_ID], [CODE]) VALUES ('a7fd55cb0bfd4a28a560a29c65b00106', '测试1_6', '1', 'a7fd55cb0bfd4a28a560a29c65b00001', '', '', '2018-11-06 08:40:03 877', 'e4664c3af5384084926d54e0d9b740d4', '2018-11-06 16:40:03 910', '0', '0', 'tenant', '00010006');
INSERT INTO [IUAPD_TREELIST] ([ID], [NAME], [IS_SON], [PARENTID], [CREATE_TIME], [CREATE_USER], [LAST_MODIFIED], [LAST_MODIFY_USER], [TS], [DR], [BPM_STATE], [TENANT_ID], [CODE]) VALUES ('a7fd55cb0bfd4a28a560a29c65b00107', '测试1_7', '1', 'a7fd55cb0bfd4a28a560a29c65b00001', '', '', '2018-11-06 08:40:03 877', 'e4664c3af5384084926d54e0d9b740d4', '2018-11-06 16:40:03 910', '0', '0', 'tenant', '00010007');
INSERT INTO [IUAPD_TREELIST] ([ID], [NAME], [IS_SON], [PARENTID], [CREATE_TIME], [CREATE_USER], [LAST_MODIFIED], [LAST_MODIFY_USER], [TS], [DR], [BPM_STATE], [TENANT_ID], [CODE]) VALUES ('a7fd55cb0bfd4a28a560a29c65b00108', '测试1_8', '1', 'a7fd55cb0bfd4a28a560a29c65b00001', '', '', '2018-11-06 08:40:03 877', 'e4664c3af5384084926d54e0d9b740d4', '2018-11-06 16:40:03 910', '0', '0', 'tenant', '00010008');
INSERT INTO [IUAPD_TREELIST] ([ID], [NAME], [IS_SON], [PARENTID], [CREATE_TIME], [CREATE_USER], [LAST_MODIFIED], [LAST_MODIFY_USER], [TS], [DR], [BPM_STATE], [TENANT_ID], [CODE]) VALUES ('a7fd55cb0bfd4a28a560a29c65b00109', '测试1_9', '1', 'a7fd55cb0bfd4a28a560a29c65b00001', '', '', '2018-11-06 08:40:03 877', 'e4664c3af5384084926d54e0d9b740d4', '2018-11-06 16:40:03 910', '0', '0', 'tenant', '00010009');
INSERT INTO [IUAPD_TREELIST] ([ID], [NAME], [IS_SON], [PARENTID], [CREATE_TIME], [CREATE_USER], [LAST_MODIFIED], [LAST_MODIFY_USER], [TS], [DR], [BPM_STATE], [TENANT_ID], [CODE]) VALUES ('a7fd55cb0bfd4a28a560a29c65b00110', '测试1_10', '1', 'a7fd55cb0bfd4a28a560a29c65b00001', '', '', '2018-11-06 08:40:03 877', 'e4664c3af5384084926d54e0d9b740d4', '2018-11-06 16:40:03 910', '0', '0', 'tenant', '00010010');
INSERT INTO [IUAPD_TREELIST] ([ID], [NAME], [IS_SON], [PARENTID], [CREATE_TIME], [CREATE_USER], [LAST_MODIFIED], [LAST_MODIFY_USER], [TS], [DR], [BPM_STATE], [TENANT_ID], [CODE]) VALUES ('a7fd55cb0bfd4a28a560a29c65b00181', '测试2_1', '1', 'a7fd55cb0bfd4a28a560a29c65b00002', '', '', '2018-11-06 08:40:03 877', 'e4664c3af5384084926d54e0d9b740d4', '2018-11-06 16:40:03 910', '0', '0', 'tenant', '00020001');
INSERT INTO [IUAPD_TREELIST] ([ID], [NAME], [IS_SON], [PARENTID], [CREATE_TIME], [CREATE_USER], [LAST_MODIFIED], [LAST_MODIFY_USER], [TS], [DR], [BPM_STATE], [TENANT_ID], [CODE]) VALUES ('a7fd55cb0bfd4a28a560a29c65b00182', '测试2_2', '1', 'a7fd55cb0bfd4a28a560a29c65b00002', '', '', '2018-11-06 08:40:03 877', 'e4664c3af5384084926d54e0d9b740d4', '2018-11-06 16:40:03 910', '0', '0', 'tenant', '00020002');
INSERT INTO [IUAPD_TREELIST] ([ID], [NAME], [IS_SON], [PARENTID], [CREATE_TIME], [CREATE_USER], [LAST_MODIFIED], [LAST_MODIFY_USER], [TS], [DR], [BPM_STATE], [TENANT_ID], [CODE]) VALUES ('a7fd55cb0bfd4a28a560a29c65b00183', '测试2_3', '1', 'a7fd55cb0bfd4a28a560a29c65b00002', '', '', '2018-11-06 08:40:03 877', 'e4664c3af5384084926d54e0d9b740d4', '2018-11-06 16:40:03 910', '0', '0', 'tenant', '00020003');
INSERT INTO [IUAPD_TREELIST] ([ID], [NAME], [IS_SON], [PARENTID], [CREATE_TIME], [CREATE_USER], [LAST_MODIFIED], [LAST_MODIFY_USER], [TS], [DR], [BPM_STATE], [TENANT_ID], [CODE]) VALUES ('a7fd55cb0bfd4a28a560a29c65b00184', '测试2_4', '1', 'a7fd55cb0bfd4a28a560a29c65b00002', '', '', '2018-11-06 08:40:03 877', 'e4664c3af5384084926d54e0d9b740d4', '2018-11-06 16:40:03 910', '0', '0', 'tenant', '00020004');
INSERT INTO [IUAPD_TREELIST] ([ID], [NAME], [IS_SON], [PARENTID], [CREATE_TIME], [CREATE_USER], [LAST_MODIFIED], [LAST_MODIFY_USER], [TS], [DR], [BPM_STATE], [TENANT_ID], [CODE]) VALUES ('a7fd55cb0bfd4a28a560a29c65b00185', '测试2_5', '1', 'a7fd55cb0bfd4a28a560a29c65b00002', '', '', '2018-11-06 08:40:03 877', 'e4664c3af5384084926d54e0d9b740d4', '2018-11-06 16:40:03 910', '0', '0', 'tenant', '00020005');
INSERT INTO [IUAPD_TREELIST] ([ID], [NAME], [IS_SON], [PARENTID], [CREATE_TIME], [CREATE_USER], [LAST_MODIFIED], [LAST_MODIFY_USER], [TS], [DR], [BPM_STATE], [TENANT_ID], [CODE]) VALUES ('a7fd55cb0bfd4a28a560a29c65b00186', '测试2_6', '1', 'a7fd55cb0bfd4a28a560a29c65b00002', '', '', '2018-11-06 08:40:03 877', 'e4664c3af5384084926d54e0d9b740d4', '2018-11-06 16:40:03 910', '0', '0', 'tenant', '00020006');
INSERT INTO [IUAPD_TREELIST] ([ID], [NAME], [IS_SON], [PARENTID], [CREATE_TIME], [CREATE_USER], [LAST_MODIFIED], [LAST_MODIFY_USER], [TS], [DR], [BPM_STATE], [TENANT_ID], [CODE]) VALUES ('a7fd55cb0bfd4a28a560a29c65b00187', '测试2_7', '1', 'a7fd55cb0bfd4a28a560a29c65b00002', '', '', '2018-11-06 08:40:03 877', 'e4664c3af5384084926d54e0d9b740d4', '2018-11-06 16:40:03 910', '0', '0', 'tenant', '00020007');
INSERT INTO [IUAPD_TREELIST] ([ID], [NAME], [IS_SON], [PARENTID], [CREATE_TIME], [CREATE_USER], [LAST_MODIFIED], [LAST_MODIFY_USER], [TS], [DR], [BPM_STATE], [TENANT_ID], [CODE]) VALUES ('a7fd55cb0bfd4a28a560a29c65b00188', '测试2_8', '1', 'a7fd55cb0bfd4a28a560a29c65b00002', '', '', '2018-11-06 08:40:03 877', 'e4664c3af5384084926d54e0d9b740d4', '2018-11-06 16:40:03 910', '0', '0', 'tenant', '00020008');
INSERT INTO [IUAPD_TREELIST] ([ID], [NAME], [IS_SON], [PARENTID], [CREATE_TIME], [CREATE_USER], [LAST_MODIFIED], [LAST_MODIFY_USER], [TS], [DR], [BPM_STATE], [TENANT_ID], [CODE]) VALUES ('a7fd55cb0bfd4a28a560a29c65b00189', '测试2_9', '1', 'a7fd55cb0bfd4a28a560a29c65b00002', '', '', '2018-11-06 08:40:03 877', 'e4664c3af5384084926d54e0d9b740d4', '2018-11-06 16:40:03 910', '0', '0', 'tenant', '00020009');
INSERT INTO [IUAPD_TREELIST] ([ID], [NAME], [IS_SON], [PARENTID], [CREATE_TIME], [CREATE_USER], [LAST_MODIFIED], [LAST_MODIFY_USER], [TS], [DR], [BPM_STATE], [TENANT_ID], [CODE]) VALUES ('a7fd55cb0bfd4a28a560a29c65b00190', '测试2_10', '1', 'a7fd55cb0bfd4a28a560a29c65b00002', '', '', '2018-11-06 08:40:03 877', 'e4664c3af5384084926d54e0d9b740d4', '2018-11-06 16:40:03 910', '0', '0', 'tenant', '00020010');
INSERT INTO [IUAPD_TREELIST] ([ID], [NAME], [IS_SON], [PARENTID], [CREATE_TIME], [CREATE_USER], [LAST_MODIFIED], [LAST_MODIFY_USER], [TS], [DR], [BPM_STATE], [TENANT_ID], [CODE]) VALUES ('a7fd55cb0bfd4a28a560a29c65b00261', '测试3_1', '1', 'a7fd55cb0bfd4a28a560a29c65b00003', '', '', '2018-11-06 08:40:03 877', 'e4664c3af5384084926d54e0d9b740d4', '2018-11-06 16:40:03 910', '0', '0', 'tenant', '00030001');
INSERT INTO [IUAPD_TREELIST] ([ID], [NAME], [IS_SON], [PARENTID], [CREATE_TIME], [CREATE_USER], [LAST_MODIFIED], [LAST_MODIFY_USER], [TS], [DR], [BPM_STATE], [TENANT_ID], [CODE]) VALUES ('a7fd55cb0bfd4a28a560a29c65b00262', '测试3_2', '1', 'a7fd55cb0bfd4a28a560a29c65b00003', '', '', '2018-11-06 08:40:03 877', 'e4664c3af5384084926d54e0d9b740d4', '2018-11-06 16:40:03 910', '0', '0', 'tenant', '00030002');
INSERT INTO [IUAPD_TREELIST] ([ID], [NAME], [IS_SON], [PARENTID], [CREATE_TIME], [CREATE_USER], [LAST_MODIFIED], [LAST_MODIFY_USER], [TS], [DR], [BPM_STATE], [TENANT_ID], [CODE]) VALUES ('a7fd55cb0bfd4a28a560a29c65b00263', '测试3_3', '1', 'a7fd55cb0bfd4a28a560a29c65b00003', '', '', '2018-11-06 08:40:03 877', 'e4664c3af5384084926d54e0d9b740d4', '2018-11-06 16:40:03 910', '0', '0', 'tenant', '00030003');
INSERT INTO [IUAPD_TREELIST] ([ID], [NAME], [IS_SON], [PARENTID], [CREATE_TIME], [CREATE_USER], [LAST_MODIFIED], [LAST_MODIFY_USER], [TS], [DR], [BPM_STATE], [TENANT_ID], [CODE]) VALUES ('a7fd55cb0bfd4a28a560a29c65b00264', '测试3_4', '1', 'a7fd55cb0bfd4a28a560a29c65b00003', '', '', '2018-11-06 08:40:03 877', 'e4664c3af5384084926d54e0d9b740d4', '2018-11-06 16:40:03 910', '0', '0', 'tenant', '00030004');
INSERT INTO [IUAPD_TREELIST] ([ID], [NAME], [IS_SON], [PARENTID], [CREATE_TIME], [CREATE_USER], [LAST_MODIFIED], [LAST_MODIFY_USER], [TS], [DR], [BPM_STATE], [TENANT_ID], [CODE]) VALUES ('a7fd55cb0bfd4a28a560a29c65b00265', '测试3_5', '1', 'a7fd55cb0bfd4a28a560a29c65b00003', '', '', '2018-11-06 08:40:03 877', 'e4664c3af5384084926d54e0d9b740d4', '2018-11-06 16:40:03 910', '0', '0', 'tenant', '00030005');
INSERT INTO [IUAPD_TREELIST] ([ID], [NAME], [IS_SON], [PARENTID], [CREATE_TIME], [CREATE_USER], [LAST_MODIFIED], [LAST_MODIFY_USER], [TS], [DR], [BPM_STATE], [TENANT_ID], [CODE]) VALUES ('a7fd55cb0bfd4a28a560a29c65b00266', '测试3_6', '1', 'a7fd55cb0bfd4a28a560a29c65b00003', '', '', '2018-11-06 08:40:03 877', 'e4664c3af5384084926d54e0d9b740d4', '2018-11-06 16:40:03 910', '0', '0', 'tenant', '00030006');
INSERT INTO [IUAPD_TREELIST] ([ID], [NAME], [IS_SON], [PARENTID], [CREATE_TIME], [CREATE_USER], [LAST_MODIFIED], [LAST_MODIFY_USER], [TS], [DR], [BPM_STATE], [TENANT_ID], [CODE]) VALUES ('a7fd55cb0bfd4a28a560a29c65b00267', '测试3_7', '1', 'a7fd55cb0bfd4a28a560a29c65b00003', '', '', '2018-11-06 08:40:03 877', 'e4664c3af5384084926d54e0d9b740d4', '2018-11-06 16:40:03 910', '0', '0', 'tenant', '00030007');
INSERT INTO [IUAPD_TREELIST] ([ID], [NAME], [IS_SON], [PARENTID], [CREATE_TIME], [CREATE_USER], [LAST_MODIFIED], [LAST_MODIFY_USER], [TS], [DR], [BPM_STATE], [TENANT_ID], [CODE]) VALUES ('a7fd55cb0bfd4a28a560a29c65b00268', '测试3_8', '1', 'a7fd55cb0bfd4a28a560a29c65b00003', '', '', '2018-11-06 08:40:03 877', 'e4664c3af5384084926d54e0d9b740d4', '2018-11-06 16:40:03 910', '0', '0', 'tenant', '00030008');
INSERT INTO [IUAPD_TREELIST] ([ID], [NAME], [IS_SON], [PARENTID], [CREATE_TIME], [CREATE_USER], [LAST_MODIFIED], [LAST_MODIFY_USER], [TS], [DR], [BPM_STATE], [TENANT_ID], [CODE]) VALUES ('a7fd55cb0bfd4a28a560a29c65b00269', '测试3_9', '1', 'a7fd55cb0bfd4a28a560a29c65b00003', '', '', '2018-11-06 08:40:03 877', 'e4664c3af5384084926d54e0d9b740d4', '2018-11-06 16:40:03 910', '0', '0', 'tenant', '00030009');
INSERT INTO [IUAPD_TREELIST] ([ID], [NAME], [IS_SON], [PARENTID], [CREATE_TIME], [CREATE_USER], [LAST_MODIFIED], [LAST_MODIFY_USER], [TS], [DR], [BPM_STATE], [TENANT_ID], [CODE]) VALUES ('a7fd55cb0bfd4a28a560a29c65b00270', '测试3_10', '1', 'a7fd55cb0bfd4a28a560a29c65b00003', '', '', '2018-11-06 08:40:03 877', 'e4664c3af5384084926d54e0d9b740d4', '2018-11-06 16:40:03 910', '0', '0', 'tenant', '00030010');
INSERT INTO [IUAPD_TREELIST] ([ID], [NAME], [IS_SON], [PARENTID], [CREATE_TIME], [CREATE_USER], [LAST_MODIFIED], [LAST_MODIFY_USER], [TS], [DR], [BPM_STATE], [TENANT_ID], [CODE]) VALUES ('a7fd55cb0bfd4a28a560a29c65b00341', '测试4_1', '1', 'a7fd55cb0bfd4a28a560a29c65b00004', '', '', '2018-11-06 08:40:03 877', 'e4664c3af5384084926d54e0d9b740d4', '2018-11-06 16:40:03 910', '0', '0', 'tenant', '00040001');
INSERT INTO [IUAPD_TREELIST] ([ID], [NAME], [IS_SON], [PARENTID], [CREATE_TIME], [CREATE_USER], [LAST_MODIFIED], [LAST_MODIFY_USER], [TS], [DR], [BPM_STATE], [TENANT_ID], [CODE]) VALUES ('a7fd55cb0bfd4a28a560a29c65b00342', '测试4_2', '1', 'a7fd55cb0bfd4a28a560a29c65b00004', '', '', '2018-11-06 08:40:03 877', 'e4664c3af5384084926d54e0d9b740d4', '2018-11-06 16:40:03 910', '0', '0', 'tenant', '00040002');
INSERT INTO [IUAPD_TREELIST] ([ID], [NAME], [IS_SON], [PARENTID], [CREATE_TIME], [CREATE_USER], [LAST_MODIFIED], [LAST_MODIFY_USER], [TS], [DR], [BPM_STATE], [TENANT_ID], [CODE]) VALUES ('a7fd55cb0bfd4a28a560a29c65b00343', '测试4_3', '1', 'a7fd55cb0bfd4a28a560a29c65b00004', '', '', '2018-11-06 08:40:03 877', 'e4664c3af5384084926d54e0d9b740d4', '2018-11-06 16:40:03 910', '0', '0', 'tenant', '00040003');
INSERT INTO [IUAPD_TREELIST] ([ID], [NAME], [IS_SON], [PARENTID], [CREATE_TIME], [CREATE_USER], [LAST_MODIFIED], [LAST_MODIFY_USER], [TS], [DR], [BPM_STATE], [TENANT_ID], [CODE]) VALUES ('a7fd55cb0bfd4a28a560a29c65b00344', '测试4_4', '1', 'a7fd55cb0bfd4a28a560a29c65b00004', '', '', '2018-11-06 08:40:03 877', 'e4664c3af5384084926d54e0d9b740d4', '2018-11-06 16:40:03 910', '0', '0', 'tenant', '00040004');
INSERT INTO [IUAPD_TREELIST] ([ID], [NAME], [IS_SON], [PARENTID], [CREATE_TIME], [CREATE_USER], [LAST_MODIFIED], [LAST_MODIFY_USER], [TS], [DR], [BPM_STATE], [TENANT_ID], [CODE]) VALUES ('a7fd55cb0bfd4a28a560a29c65b00345', '测试4_5', '1', 'a7fd55cb0bfd4a28a560a29c65b00004', '', '', '2018-11-06 08:40:03 877', 'e4664c3af5384084926d54e0d9b740d4', '2018-11-06 16:40:03 910', '0', '0', 'tenant', '00040005');
INSERT INTO [IUAPD_TREELIST] ([ID], [NAME], [IS_SON], [PARENTID], [CREATE_TIME], [CREATE_USER], [LAST_MODIFIED], [LAST_MODIFY_USER], [TS], [DR], [BPM_STATE], [TENANT_ID], [CODE]) VALUES ('a7fd55cb0bfd4a28a560a29c65b00346', '测试4_6', '1', 'a7fd55cb0bfd4a28a560a29c65b00004', '', '', '2018-11-06 08:40:03 877', 'e4664c3af5384084926d54e0d9b740d4', '2018-11-06 16:40:03 910', '0', '0', 'tenant', '00040006');
INSERT INTO [IUAPD_TREELIST] ([ID], [NAME], [IS_SON], [PARENTID], [CREATE_TIME], [CREATE_USER], [LAST_MODIFIED], [LAST_MODIFY_USER], [TS], [DR], [BPM_STATE], [TENANT_ID], [CODE]) VALUES ('a7fd55cb0bfd4a28a560a29c65b00347', '测试4_7', '1', 'a7fd55cb0bfd4a28a560a29c65b00004', '', '', '2018-11-06 08:40:03 877', 'e4664c3af5384084926d54e0d9b740d4', '2018-11-06 16:40:03 910', '0', '0', 'tenant', '00040007');
INSERT INTO [IUAPD_TREELIST] ([ID], [NAME], [IS_SON], [PARENTID], [CREATE_TIME], [CREATE_USER], [LAST_MODIFIED], [LAST_MODIFY_USER], [TS], [DR], [BPM_STATE], [TENANT_ID], [CODE]) VALUES ('a7fd55cb0bfd4a28a560a29c65b00348', '测试4_8', '1', 'a7fd55cb0bfd4a28a560a29c65b00004', '', '', '2018-11-06 08:40:03 877', 'e4664c3af5384084926d54e0d9b740d4', '2018-11-06 16:40:03 910', '0', '0', 'tenant', '00040008');
INSERT INTO [IUAPD_TREELIST] ([ID], [NAME], [IS_SON], [PARENTID], [CREATE_TIME], [CREATE_USER], [LAST_MODIFIED], [LAST_MODIFY_USER], [TS], [DR], [BPM_STATE], [TENANT_ID], [CODE]) VALUES ('a7fd55cb0bfd4a28a560a29c65b00349', '测试4_9', '1', 'a7fd55cb0bfd4a28a560a29c65b00004', '', '', '2018-11-06 08:40:03 877', 'e4664c3af5384084926d54e0d9b740d4', '2018-11-06 16:40:03 910', '0', '0', 'tenant', '00040009');
INSERT INTO [IUAPD_TREELIST] ([ID], [NAME], [IS_SON], [PARENTID], [CREATE_TIME], [CREATE_USER], [LAST_MODIFIED], [LAST_MODIFY_USER], [TS], [DR], [BPM_STATE], [TENANT_ID], [CODE]) VALUES ('a7fd55cb0bfd4a28a560a29c65b00350', '测试4_10', '1', 'a7fd55cb0bfd4a28a560a29c65b00004', '', '', '2018-11-06 08:40:03 877', 'e4664c3af5384084926d54e0d9b740d4', '2018-11-06 16:40:03 910', '0', '0', 'tenant', '00040010');
INSERT INTO [IUAPD_TREELIST] ([ID], [NAME], [IS_SON], [PARENTID], [CREATE_TIME], [CREATE_USER], [LAST_MODIFIED], [LAST_MODIFY_USER], [TS], [DR], [BPM_STATE], [TENANT_ID], [CODE]) VALUES ('a7fd55cb0bfd4a28a560a29c65b00421', '测试5_1', '1', 'a7fd55cb0bfd4a28a560a29c65b00005', '', '', '2018-12-11 09:34:25 081', '8fc4556df56449c39922ac2d67cfbde6', '2018-12-11 17:34:25 082', '0', '0', 'tenant', '00050001');
INSERT INTO [IUAPD_TREELIST] ([ID], [NAME], [IS_SON], [PARENTID], [CREATE_TIME], [CREATE_USER], [LAST_MODIFIED], [LAST_MODIFY_USER], [TS], [DR], [BPM_STATE], [TENANT_ID], [CODE]) VALUES ('a7fd55cb0bfd4a28a560a29c65b00422', '测试5_2', '1', 'a7fd55cb0bfd4a28a560a29c65b00005', '', '', '2018-12-11 09:39:35 044', '8fc4556df56449c39922ac2d67cfbde6', '2018-12-11 17:39:35 044', '0', '0', 'tenant', '00050002');
INSERT INTO [IUAPD_TREELIST] ([ID], [NAME], [IS_SON], [PARENTID], [CREATE_TIME], [CREATE_USER], [LAST_MODIFIED], [LAST_MODIFY_USER], [TS], [DR], [BPM_STATE], [TENANT_ID], [CODE]) VALUES ('a7fd55cb0bfd4a28a560a29c65b00423', '测试5_3', '1', 'a7fd55cb0bfd4a28a560a29c65b00005', '', '', '2018-12-11 09:39:36 442', '8fc4556df56449c39922ac2d67cfbde6', '2018-12-11 17:39:35 061', '0', '0', 'tenant', '00050003');
INSERT INTO [IUAPD_TREELIST] ([ID], [NAME], [IS_SON], [PARENTID], [CREATE_TIME], [CREATE_USER], [LAST_MODIFIED], [LAST_MODIFY_USER], [TS], [DR], [BPM_STATE], [TENANT_ID], [CODE]) VALUES ('a7fd55cb0bfd4a28a560a29c65b00424', '测试5_4', '1', 'a7fd55cb0bfd4a28a560a29c65b00005', '', '', '2018-12-11 09:38:49 239', '8fc4556df56449c39922ac2d67cfbde6', '2018-12-11 17:38:47 051', '0', '0', 'tenant', '00050004');
INSERT INTO [IUAPD_TREELIST] ([ID], [NAME], [IS_SON], [PARENTID], [CREATE_TIME], [CREATE_USER], [LAST_MODIFIED], [LAST_MODIFY_USER], [TS], [DR], [BPM_STATE], [TENANT_ID], [CODE]) VALUES ('a7fd55cb0bfd4a28a560a29c65b00425', '测试5_5', '1', 'a7fd55cb0bfd4a28a560a29c65b00005', '', '', '2018-12-11 09:39:36 439', '8fc4556df56449c39922ac2d67cfbde6', '2018-12-11 17:39:36 439', '0', '0', 'tenant', '00050005');
INSERT INTO [IUAPD_TREELIST] ([ID], [NAME], [IS_SON], [PARENTID], [CREATE_TIME], [CREATE_USER], [LAST_MODIFIED], [LAST_MODIFY_USER], [TS], [DR], [BPM_STATE], [TENANT_ID], [CODE]) VALUES ('a7fd55cb0bfd4a28a560a29c65b00426', '测试5_6', '1', 'a7fd55cb0bfd4a28a560a29c65b00005', '', '', '2018-12-11 09:39:11 121', '8fc4556df56449c39922ac2d67cfbde6', '2018-12-11 17:39:11 121', '0', '0', 'tenant', '00050006');
INSERT INTO [IUAPD_TREELIST] ([ID], [NAME], [IS_SON], [PARENTID], [CREATE_TIME], [CREATE_USER], [LAST_MODIFIED], [LAST_MODIFY_USER], [TS], [DR], [BPM_STATE], [TENANT_ID], [CODE]) VALUES ('a7fd55cb0bfd4a28a560a29c65b00427', '测试5_7', '1', 'a7fd55cb0bfd4a28a560a29c65b00005', '', '', '2018-12-11 09:39:11 138', '8fc4556df56449c39922ac2d67cfbde6', '2018-12-11 17:39:08 827', '0', '0', 'tenant', '00050007');
INSERT INTO [IUAPD_TREELIST] ([ID], [NAME], [IS_SON], [PARENTID], [CREATE_TIME], [CREATE_USER], [LAST_MODIFIED], [LAST_MODIFY_USER], [TS], [DR], [BPM_STATE], [TENANT_ID], [CODE]) VALUES ('a7fd55cb0bfd4a28a560a29c65b00428', '测试5_8', '1', 'a7fd55cb0bfd4a28a560a29c65b00005', '', '', '2018-12-11 09:37:27 124', '8fc4556df56449c39922ac2d67cfbde6', '2018-12-11 17:37:27 124', '0', '0', 'tenant', '00050008');
INSERT INTO [IUAPD_TREELIST] ([ID], [NAME], [IS_SON], [PARENTID], [CREATE_TIME], [CREATE_USER], [LAST_MODIFIED], [LAST_MODIFY_USER], [TS], [DR], [BPM_STATE], [TENANT_ID], [CODE]) VALUES ('a7fd55cb0bfd4a28a560a29c65b00429', '测试5_9', '1', 'a7fd55cb0bfd4a28a560a29c65b00005', '', '', '2018-12-11 09:37:44 726', '8fc4556df56449c39922ac2d67cfbde6', '2018-12-11 17:37:44 727', '0', '0', 'tenant', '00050009');
INSERT INTO [IUAPD_TREELIST] ([ID], [NAME], [IS_SON], [PARENTID], [CREATE_TIME], [CREATE_USER], [LAST_MODIFIED], [LAST_MODIFY_USER], [TS], [DR], [BPM_STATE], [TENANT_ID], [CODE]) VALUES ('a7fd55cb0bfd4a28a560a29c65b00430', '测试5_10', '1', 'a7fd55cb0bfd4a28a560a29c65b00005', '', '', '2018-12-11 09:37:44 746', '8fc4556df56449c39922ac2d67cfbde6', '2018-12-11 17:37:42 189', '0', '0', 'tenant', '00050010');
INSERT INTO [IUAPD_TREELIST] ([ID], [NAME], [IS_SON], [PARENTID], [CREATE_TIME], [CREATE_USER], [LAST_MODIFIED], [LAST_MODIFY_USER], [TS], [DR], [BPM_STATE], [TENANT_ID], [CODE]) VALUES ('a7fd55cb0bfd4a28a560a29c65bf6701', '测试测试1', '1', '0', '', '', '2018-11-06 08:40:03 874', 'e4664c3af5384084926d54e0d9b740d4', '2018-11-06 16:40:03 910', '0', '0', 'tenant', '0101');
INSERT INTO [IUAPD_TREELIST] ([ID], [NAME], [IS_SON], [PARENTID], [CREATE_TIME], [CREATE_USER], [LAST_MODIFIED], [LAST_MODIFY_USER], [TS], [DR], [BPM_STATE], [TENANT_ID], [CODE]) VALUES ('a7fd55cb0bfd4a28a560a29c65bf6702', '测试测试2', '2', '0', '', '', '2018-11-06 05:42:54 490', '', '2018-11-06 13:42:54 495', '0', '0', 'tenant', '0102');
INSERT INTO [IUAPD_TREELIST] ([ID], [NAME], [IS_SON], [PARENTID], [CREATE_TIME], [CREATE_USER], [LAST_MODIFIED], [LAST_MODIFY_USER], [TS], [DR], [BPM_STATE], [TENANT_ID], [CODE]) VALUES ('a7fd55cb0bfd4a28a560a29c65bf6703', '测试测试3', '2', '0', '', '', '2018-11-06 08:40:03 189', 'e4664c3af5384084926d54e0d9b740d4', '2018-11-06 16:40:03 220', '0', '0', 'tenant', '0103');
INSERT INTO [IUAPD_TREELIST] ([ID], [NAME], [IS_SON], [PARENTID], [CREATE_TIME], [CREATE_USER], [LAST_MODIFIED], [LAST_MODIFY_USER], [TS], [DR], [BPM_STATE], [TENANT_ID], [CODE]) VALUES ('a7fd55cb0bfd4a28a560a29c65bf6704', '测试测试2_1', '1', 'a7fd55cb0bfd4a28a560a29c65bf6702', '', '', '2018-11-05 07:54:57 395', '', '2018-11-05 15:54:57 423', '0', '0', 'tenant', '01020101');
INSERT INTO [IUAPD_TREELIST] ([ID], [NAME], [IS_SON], [PARENTID], [CREATE_TIME], [CREATE_USER], [LAST_MODIFIED], [LAST_MODIFY_USER], [TS], [DR], [BPM_STATE], [TENANT_ID], [CODE]) VALUES ('a7fd55cb0bfd4a28a560a29c65bf6705', '测试测试2_2', '2', 'a7fd55cb0bfd4a28a560a29c65bf6702', '', '', '2018-11-06 06:28:14 282', '', '2018-11-06 14:28:14 327', '0', '0', 'tenant', '01020102');
INSERT INTO [IUAPD_TREELIST] ([ID], [NAME], [IS_SON], [PARENTID], [CREATE_TIME], [CREATE_USER], [LAST_MODIFIED], [LAST_MODIFY_USER], [TS], [DR], [BPM_STATE], [TENANT_ID], [CODE]) VALUES ('a7fd55cb0bfd4a28a560a29c65bf6706', '测试测试3_1', '1', 'a7fd55cb0bfd4a28a560a29c65bf6703', '', '', '2018-11-06 08:40:04 163', 'e4664c3af5384084926d54e0d9b740d4', '2018-11-06 16:39:50 565', '0', '0', 'tenant', '01030101');
INSERT INTO [IUAPD_TREELIST] ([ID], [NAME], [IS_SON], [PARENTID], [CREATE_TIME], [CREATE_USER], [LAST_MODIFIED], [LAST_MODIFY_USER], [TS], [DR], [BPM_STATE], [TENANT_ID], [CODE]) VALUES ('a7fd55cb0bfd4a28a560a29c65bf6707', '测试测试2_2_1', '1', 'a7fd55cb0bfd4a28a560a29c65bf6705', '', '', '2018-10-26 11:31:29 217', '', '2018-10-26 19:27:12 342', '0', '0', 'tenant', '010201020101');
INSERT INTO [IUAPD_TREELIST] ([ID], [NAME], [IS_SON], [PARENTID], [CREATE_TIME], [CREATE_USER], [LAST_MODIFIED], [LAST_MODIFY_USER], [TS], [DR], [BPM_STATE], [TENANT_ID], [CODE]) VALUES ('a7fd55cb0bfd4a28a560a29c65bf6708', '测试测试2_2_2', '1', 'a7fd55cb0bfd4a28a560a29c65bf6705', '', '', '2018-11-05 07:12:13 862', '', '2018-11-05 15:12:06 523', '0', '0', 'tenant', '010201020102');
-- INSERT INTO [IUAPD_TREELIST] ([ID], [NAME], [IS_SON], [PARENTID], [CREATE_TIME], [CREATE_USER], [LAST_MODIFIED], [LAST_MODIFY_USER], [TS], [DR], [BPM_STATE], [TENANT_ID], [CODE]) VALUES ('f18ee4d7c42b436b8da1379aa473d9f8', '555', '1', '0', '2018-11-26 20:35:09 049', 'U001', '2018-11-27 03:14:33 700', 'U001', '2018-11-27 11:14:33 709', '0', '0', 'tenant', '0105');
GO
